2,克勒纳斯,禽畜,未知来源,116;504;160,http://img.db.178.com/wow/icons/m/ability_warlock_avoidance.jpg
39,机械松鼠,机械,专业技能,384;389;459;202;392;278,http://img.db.178.com/wow/icons/m/inv_pet_mechanicalsquirrel.jpg
40,灰猫,野兽,商人,429;492;538;535;357;536,http://img.db.178.com/wow/icons/m/inv_pet_cats_bombaycat.jpg
41,黄猫,野兽,商人,429;492;538;535;357;536,http://img.db.178.com/wow/icons/m/inv_pet_cats_cornishrexcat.jpg
42,黑纹灰猫,野兽,掉落,429;492;538;535;357;536,http://img.db.178.com/wow/icons/m/inv_pet_cats_blacktabbycat.jpg
43,虎皮猫,野兽,商人,429;492;538;535;357;536,http://img.db.178.com/wow/icons/m/inv_pet_cats_orangetabbycat.jpg
44,黑尾白猫,野兽,商人,429;492;538;535;357;536,http://img.db.178.com/wow/icons/m/inv_pet_cats_siamesecat.jpg
45,黑斑白猫,野兽,商人,429;492;538;535;357;536,http://img.db.178.com/wow/icons/m/inv_pet_cats_silvertabbycat.jpg
46,白猫,野兽,商人,429;492;538;535;357;536,http://img.db.178.com/wow/icons/m/inv_pet_cats_whitekitten.jpg
47,红尾鹦鹉,飞行,商人,420;521;170;202;162;190,http://img.db.178.com/wow/icons/m/inv_feather_08.jpg
49,花羽鹦鹉,飞行,掉落,420;521;170;202;162;190,http://img.db.178.com/wow/icons/m/inv_feather_08.jpg
50,绿翼鹦鹉,飞行,掉落,420;521;170;202;162;190,http://img.db.178.com/wow/icons/m/inv_feather_12.jpg
51,金翼鹦鹉,飞行,商人,420;521;170;202;162;190,http://img.db.178.com/wow/icons/m/inv_feather_11.jpg
52,灰色小鸡,飞行,商人,112;524;642;420;162;581,http://img.db.178.com/wow/icons/m/spell_magic_polymorphchicken.jpg
55,幽暗城蟑螂,禽畜,商人,119;155;706;193;283;519,http://img.db.178.com/wow/icons/m/inv_pet_cockroach.jpg
56,黑龙宝宝,龙类,掉落,393;347;170;122;256;169,http://img.db.178.com/wow/icons/m/inv_misc_head_dragon_black.jpg
57,蓝龙宝宝,龙类,掉落,429;589;593;115;592;624,http://img.db.178.com/wow/icons/m/inv_misc_head_dragon_blue.jpg
58,红龙宝宝,龙类,掉落,115;168;170;122;172;169,http://img.db.178.com/wow/icons/m/inv_misc_head_dragon_red.jpg
59,绿龙宝宝,龙类,掉落,115;595;254;525;597;598,http://img.db.178.com/wow/icons/m/inv_misc_head_dragon_green.jpg
64,林蛙,水生,商人,118;123;233;228;230;232,http://img.db.178.com/wow/icons/m/spell_shaman_hex.jpg
65,树蛙,水生,商人,118;123;233;228;230;232,http://img.db.178.com/wow/icons/m/spell_shaman_hex.jpg
67,黑色猫头鹰,飞行,商人,112;784;517;184;190;518,http://img.db.178.com/wow/icons/m/ability_eyeoftheowl.jpg
68,棕色猫头鹰,飞行,商人,112;784;517;184;190;518,http://img.db.178.com/wow/icons/m/ability_eyeoftheowl.jpg
69,白色猫头鹰,飞行,宠物对战,112;784;517;184;190;518,http://img.db.178.com/wow/icons/m/ability_eyeoftheowl.jpg
70,棕色土拨鼠,禽畜,商人,367;162;364;253;165;159,http://img.db.178.com/wow/icons/m/inv_pet_prairiedog.jpg
72,雪兔,禽畜,商人,119;162;159;360;312;163,http://img.db.178.com/wow/icons/m/inv_crate_02.jpg
74,白鳞蛇,野兽,商人,110;155;159;152;158;156,http://img.db.178.com/wow/icons/m/spell_nature_guardianward.jpg
75,黑色王蛇,野兽,商人,110;155;159;152;158;156,http://img.db.178.com/wow/icons/m/spell_nature_guardianward.jpg
77,棕色蟒蛇,野兽,商人,110;155;159;152;158;156,http://img.db.178.com/wow/icons/m/spell_nature_guardianward.jpg
78,赤练蛇,野兽,商人,110;155;159;152;158;156,http://img.db.178.com/wow/icons/m/spell_nature_guardianward.jpg
83,机械小鸡,机械,任务,112;389;208;455;533;459,http://img.db.178.com/wow/icons/m/inv_pet_mechanicalchicken.jpg
84,西部荒野小鸡,飞行,任务,112;524;642;420;162;581,http://img.db.178.com/wow/icons/m/spell_magic_polymorphchicken.jpg
85,步行炸弹,机械,专业技能,116;634;754;455;640;282,http://img.db.178.com/wow/icons/m/inv_misc_bomb_04.jpg
86,发条机器人,机械,专业技能,777;640;636;455;634;293,http://img.db.178.com/wow/icons/m/inv_pet_lilsmoky.jpg
87,精龙宝宝,龙类,掉落,420;421;595;440;277;190,http://img.db.178.com/wow/icons/m/inv_pet_sprite_darter_hatchling.jpg
89,座狼幼崽,野兽,掉落,110;165;364;360;362;366,http://img.db.178.com/wow/icons/m/inv_box_petcarrier_01.jpg
90,烟网小蜘蛛,野兽,掉落,378;339;383;380;382;250,http://img.db.178.com/wow/icons/m/inv_box_birdcage_01.jpg
92,熊猫宝宝,野兽,促销活动,110;247;345;347;348;124,http://img.db.178.com/wow/icons/m/inv_belt_05.jpg
93,迷你破坏神,魔法,促销活动,113;256;471;472;468;650,http://img.db.178.com/wow/icons/m/inv_diablostone.jpg
94,跳虫,魔法,促销活动,110;194;160;193;197;198,http://img.db.178.com/wow/icons/m/spell_shadow_summonfelhunter.jpg
95,逼真的蟾蜍,机械,专业技能,118;123;233;228;230;278,http://img.db.178.com/wow/icons/m/spell_shaman_hex.jpg
106,加布林,水生,世界活动,118;123;233;228;230;232,http://img.db.178.com/wow/icons/m/spell_shaman_hex.jpg
107,奔波尔霸,人形,促销活动,111;756;350;193;757;163,http://img.db.178.com/wow/icons/m/inv_pet_babymurlocs_blue.jpg
111,乐奇,人形,促销活动,111;756;350;193;757;163,http://img.db.178.com/wow/icons/m/inv_pet_babymurlocs_white.jpg
114,恶心的软泥怪,魔法,掉落,445;447;450;449;448;369,http://img.db.178.com/wow/icons/m/ability_creature_poison_05.jpg
115,鲨鱼宝宝,水生,未知来源,118;419;423;424;426;276,http://img.db.178.com/wow/icons/m/inv_pet_babyshark.jpg
116,安静的机械雪人,机械,专业技能,384;204;208;202;206;209,http://img.db.178.com/wow/icons/m/ability_hunter_pet_gorilla.jpg
117,雪孩子,元素,世界活动,477;206;120;478;414;481,http://img.db.178.com/wow/icons/m/inv_pet_snowman.jpg
118,冬季驯鹿,禽畜,世界活动,493;254;539;163;574;376,http://img.db.178.com/wow/icons/m/inv_misc_bell_01.jpg
119,冬天爷爷的助手,人形,世界活动,477;206;624;413;835;586,http://img.db.178.com/wow/icons/m/inv_holiday_christmas_present_03.jpg
120,冬天爷爷的小助手,人形,世界活动,477;206;624;413;835;586,http://img.db.178.com/wow/icons/m/inv_holiday_christmas_present_01.jpg
121,咕唧,人形,促销活动,111;756;350;193;757;163,http://img.db.178.com/wow/icons/m/inv_pet_babymurlocs_pink.jpg
122,小匹德菲特,人形,世界活动,771;772;773;774;775;776,http://img.db.178.com/wow/icons/m/inv_ammo_arrow_02.jpg
124,波利,野兽,促销活动,110;348;345;347;247;206,http://img.db.178.com/wow/icons/m/inv_belt_09.jpg
125,飞毛腿,水生,世界活动,110;310;376;249;123;566,http://img.db.178.com/wow/icons/m/inv_pet_speedy.jpg
126,扭扭先生,禽畜,世界活动,493;165;252;499;578;376,http://img.db.178.com/wow/icons/m/inv_belt_25.jpg
127,小老鼠吱吱,禽畜,世界活动,119;359;163;360;283;253,http://img.db.178.com/wow/icons/m/inv_pet_ratcage.jpg
128,仲夏之魂,元素,世界活动,113;178;179;501;172;409,http://img.db.178.com/wow/icons/m/inv_potion_33.jpg
130,角鹰兽宝宝,飞行,集换卡牌游戏,112;357;186;184;567;170,http://img.db.178.com/wow/icons/m/inv_egg_02.jpg
131,虚空龙宝宝,龙类,促销活动,115;764;609;608;188;752,http://img.db.178.com/wow/icons/m/inv_netherwhelp.jpg
132,魔法龙虾,水生,专业技能,356;511;513;509;310;273,http://img.db.178.com/wow/icons/m/inv_misc_fish_14.jpg
136,法力龙宝宝,魔法,商人,484;486;489;360;488;490,http://img.db.178.com/wow/icons/m/spell_nature_abolishmagic.jpg
137,棕兔,禽畜,商人,119;162;159;360;312;163,http://img.db.178.com/wow/icons/m/inv_crate_02.jpg
138,蓝色飞蛾,飞行,商人,420;506;507;504;162;508,http://img.db.178.com/wow/icons/m/ability_hunter_pet_moth.jpg
139,红色飞蛾,飞行,商人,420;506;507;504;162;508,http://img.db.178.com/wow/icons/m/ability_hunter_pet_moth.jpg
140,黄色飞蛾,飞行,商人,420;506;507;504;162;508,http://img.db.178.com/wow/icons/m/ability_hunter_pet_moth.jpg
141,白色飞蛾,飞行,商人,420;506;507;504;162;508,http://img.db.178.com/wow/icons/m/ability_hunter_pet_moth.jpg
142,金色龙鹰幼崽,龙类,商人,429;492;501;184;179;503,http://img.db.178.com/wow/icons/m/ability_hunter_pet_dragonhawk.jpg
143,红色龙鹰幼崽,龙类,商人,429;492;501;184;179;503,http://img.db.178.com/wow/icons/m/ability_hunter_pet_dragonhawk.jpg
144,银色龙鹰幼崽,龙类,商人,429;492;501;184;179;503,http://img.db.178.com/wow/icons/m/ability_hunter_pet_dragonhawk.jpg
145,蓝色龙鹰幼崽,龙类,商人,429;492;501;184;179;503,http://img.db.178.com/wow/icons/m/ability_hunter_pet_dragonhawk.jpg
146,萤火虫,飞行,掉落,119;632;706;420;506;270,http://img.db.178.com/wow/icons/m/ability_hunter_pet_wasp.jpg
149,迷你鹦鹉,飞行,任务,112;784;517;184;190;518,http://img.db.178.com/wow/icons/m/inv_box_birdcage_01.jpg
153,鹿角小飞兔,禽畜,世界活动,119;515;376;571;594;124,http://img.db.178.com/wow/icons/m/inv_drink_13.jpg
154,金猪,禽畜,促销活动,493;165;252;499;578;572,http://img.db.178.com/wow/icons/m/inv_misc_elvencoins.jpg
155,金猪,禽畜,促销活动,493;165;252;499;578;376,http://img.db.178.com/wow/icons/m/inv_misc_elvencoins.jpg
156,蕉蕉,野兽,集换卡牌游戏,349;347;352;492;350;354,http://img.db.178.com/wow/icons/m/inv_misc_food_24.jpg
157,威利,魔法,世界活动,228;474;468;473;475;476,http://img.db.178.com/wow/icons/m/inv_pet_sleepywilly.jpg
158,蛋蛋,禽畜,世界活动,110;310;377;112;162;568,http://img.db.178.com/wow/icons/m/inv_pet_egbert.jpg
159,小新,禽畜,世界活动,349;375;376;377;283;163,http://img.db.178.com/wow/icons/m/inv_pet_baby_elekk_gray.jpg
160,臭臭,禽畜,成就,119;492;527;360;576;539,http://img.db.178.com/wow/icons/m/inv_box_petcarrier_01.jpg
162,邪恶的南瓜娃娃,元素,世界活动,113;318;303;398;402;745,http://img.db.178.com/wow/icons/m/inv_misc_food_59.jpg
163,牙牙,水生,专业技能,803;509;538;160;118;423,http://img.db.178.com/wow/icons/m/inv_pet_babycrocodile_toothy.jpg
164,毒皮,水生,专业技能,803;509;538;160;118;423,http://img.db.178.com/wow/icons/m/inv_pet_babycrocodile_muchbreath.jpg
165,魔汁,水生,掉落,118;123;233;228;230;232,http://img.db.178.com/wow/icons/m/spell_shaman_hex.jpg
166,小丸子,禽畜,世界活动,349;375;376;377;283;163,http://img.db.178.com/wow/icons/m/inv_pet_baby_elekk_red.jpg
167,小孢子蝠,飞行,商人,420;743;746;210;745;632,http://img.db.178.com/wow/icons/m/ability_hunter_pet_sporebat.jpg
168,火箭鸡,机械,集换卡牌游戏,777;524;392;112;640;645,http://img.db.178.com/wow/icons/m/inv_misc_enggizmos_rocketchicken.jpg
169,风筝龙,飞行,集换卡牌游戏,115;204;176;122;347;170,http://img.db.178.com/wow/icons/m/inv_misc_dragonkite_02.jpg
170,金猪,禽畜,促销活动,493;165;252;499;578;376,http://img.db.178.com/wow/icons/m/inv_misc_coin_01.jpg
171,银猪,禽畜,促销活动,493;165;252;499;578;376,http://img.db.178.com/wow/icons/m/inv_misc_coin_03.jpg
172,灼烧焰灵,元素,商人,113;178;179;501;172;409,http://img.db.178.com/wow/icons/m/inv_pet_scorchedstone.jpg
173,尼尼,水生,专业技能,803;509;538;160;118;423,http://img.db.178.com/wow/icons/m/inv_pet_babycrocodile_snarly.jpg
174,莫莫,水生,专业技能,803;509;538;160;118;423,http://img.db.178.com/wow/icons/m/inv_pet_babycrocodile_chuck.jpg
175,凤凰宝宝,元素,掉落,113;173;409;112;178;179,http://img.db.178.com/wow/icons/m/inv_misc_pheonixpet_01.jpg
179,竞争之魂,龙类,促销活动,115;611;170;122;614;503,http://img.db.178.com/wow/icons/m/inv_jewelry_amulet_03.jpg
180,竞争之精华,龙类,促销活动,115;611;170;122;614;503,http://img.db.178.com/wow/icons/m/inv_jewelry_talisman_10.jpg
183,灵魂商人,魔法,集换卡牌游戏,111;751;752;114;216;277,http://img.db.178.com/wow/icons/m/spell_nature_groundingtotem.jpg
186,小虚空鳐,飞行,商人,110;122;422;421;420;394,http://img.db.178.com/wow/icons/m/ability_hunter_pet_netherray.jpg
187,吸血蝙蝠宝宝,亡灵,掉落,110;383;186;357;521;517,http://img.db.178.com/wow/icons/m/ability_hunter_pet_bat.jpg
188,霜霜,亡灵,促销活动,499;206;624;782;784;786,http://img.db.178.com/wow/icons/m/inv_pet_frostwyrm.jpg
189,迷你泰瑞尔,人形,促销活动,765;766;767;768;769;770,http://img.db.178.com/wow/icons/m/inv_sword_07.jpg
190,魅影精灵,亡灵,商人,210;212;654;121;442;321,http://img.db.178.com/wow/icons/m/inv_misc_bone_humanskull_01.jpg
191,发条战士,机械,世界活动,777;640;636;455;634;293,http://img.db.178.com/wow/icons/m/inv_gizmo_06.jpg
192,小叽,水生,促销活动,112;528;413;509;575;529,http://img.db.178.com/wow/icons/m/inv_misc_penguinpet.jpg
193,巨型下水道老鼠,禽畜,专业技能,119;360;163;253;152;283,http://img.db.178.com/wow/icons/m/inv_misc_monstertail_03.jpg
194,小食虱鸟,飞行,掉落,420;190;521;202;162;170,http://img.db.178.com/wow/icons/m/ability_hunter_pet_owl.jpg
195,白色小食虱鸟,飞行,掉落,420;190;521;202;162;170,http://img.db.178.com/wow/icons/m/ability_hunter_pet_owl.jpg
196,始祖龙宝宝,龙类,掉落,115;503;612;110;611;347,http://img.db.178.com/wow/icons/m/ability_mount_drake_proto.jpg
197,小眼镜蛇,野兽,掉落,110;155;159;152;158;156,http://img.db.178.com/wow/icons/m/ability_hunter_cobrastrikes.jpg
198,小潘,水生,商人,112;528;413;509;575;529,http://img.db.178.com/wow/icons/m/inv_pet_babypengu.jpg
199,肯瑞托魔仆,元素,成就,114;323;299;421;589;476,http://img.db.178.com/wow/icons/m/ability_creature_disease_05.jpg
200,春兔,禽畜,世界活动,119;162;159;360;312;163,http://img.db.178.com/wow/icons/m/inv_misc_food_54.jpg
201,肥胖的火鸡,飞行,世界活动,112;524;580;420;579;581,http://img.db.178.com/wow/icons/m/inv_thanksgiving_turkey.jpg
202,暴雪熊宝宝,野兽,成就,110;348;345;347;247;206,http://img.db.178.com/wow/icons/m/inv_pet_babyblizzardbear.jpg
203,小鹿,禽畜,成就,493;254;539;163;574;376,http://img.db.178.com/wow/icons/m/inv_pet_fawn.jpg
204,泰达希尔树苗,元素,商人,119;630;318;310;268;400,http://img.db.178.com/wow/icons/m/inv_misc_herb_03.jpg
205,丹莫罗熊宝宝,野兽,商人,110;247;345;347;348;124,http://img.db.178.com/wow/icons/m/ability_mount_polarbear_black.jpg
206,提瑞斯法蝙蝠宝宝,飞行,商人,110;357;186;383;521;517,http://img.db.178.com/wow/icons/m/ability_hunter_pet_bat.jpg
207,杜隆塔尔蝎子,野兽,商人,356;165;359;355;357;124,http://img.db.178.com/wow/icons/m/ability_hunter_pet_scorpid.jpg
209,艾尔文小羊羔,禽畜,商人,493;253;539;541;497;163,http://img.db.178.com/wow/icons/m/spell_nature_polymorph.jpg
210,莫高雷小陆行鸟,禽畜,商人,110;310;377;112;162;568,http://img.db.178.com/wow/icons/m/ability_hunter_pet_tallstrider.jpg
211,沙滩蟹,水生,专业技能,356;511;310;509;123;513,http://img.db.178.com/wow/icons/m/ability_hunter_pet_crab.jpg
212,埃门谷花苗,元素,商人,394;396;402;398;303;400,http://img.db.178.com/wow/icons/m/inv_misc_flower_04.jpg
213,魔法扫帚,魔法,商人,452;453;456;455;457;459,http://img.db.178.com/wow/icons/m/inv_pet_broom.jpg
214,银色侍从,人形,任务,111,http://img.db.178.com/wow/icons/m/achievement_reputation_argentchampion.jpg
215,机械鸟,机械,商人,112;455;459;533;389;278,http://img.db.178.com/wow/icons/m/ability_mount_mechastrider.jpg
216,银色小步兵,人形,任务,111,http://img.db.178.com/wow/icons/m/achievement_reputation_argentchampion.jpg
217,角斗士莫叽姆斯,人形,促销活动,111;760;761;360;158;762,http://img.db.178.com/wow/icons/m/inv_spear_05.jpg
218,森金神像,亡灵,商人,210;178;763;501;592;476,http://img.db.178.com/wow/icons/m/inv_misc_coin_15.jpg
220,枯萎的树人,元素,任务,119;630;318;310;268;400,http://img.db.178.com/wow/icons/m/ability_druid_forceofnature.jpg
224,玳瑁猫,野兽,商人,429;492;538;535;357;536,http://img.db.178.com/wow/icons/m/inv_pet_cats_calicocat.jpg
225,好奇的小神谕者,人形,世界活动,111;631;669;118;667;668,http://img.db.178.com/wow/icons/m/achievement_reputation_murlocoracle.jpg
226,好奇的小狼獾人,人形,世界活动,111;670;741;110;740;345,http://img.db.178.com/wow/icons/m/achievement_reputation_wolvar.jpg
227,战斗机器人,机械,促销活动,777;640;392;455;634;293,http://img.db.178.com/wow/icons/m/inv_misc_key_05.jpg
228,玛润,人形,促销活动,788;791;645;789;760;301,http://img.db.178.com/wow/icons/m/inv_pet_grunty.jpg
229,幽光雏龙,魔法,商人,484;486;489;360;488;490,http://img.db.178.com/wow/icons/m/inv_elemental_primal_mana.jpg
230,死亡木偶,亡灵,世界活动,113;256;471;468;172;650,http://img.db.178.com/wow/icons/m/inv_misc_bone_humanskull_02.jpg
231,碧玉虎,魔法,成就,432;492;538;535;431;536,http://img.db.178.com/wow/icons/m/inv_misc_gem_stone_01.jpg
232,小达尔特,野兽,掉落,110;364;538;193;357;305,http://img.db.178.com/wow/icons/m/ability_hunter_pet_raptor.jpg
233,变异幼龙,野兽,掉落,110;364;538;193;357;305,http://img.db.178.com/wow/icons/m/ability_hunter_pet_raptor.jpg
234,古达克幼龙,野兽,掉落,110;364;538;193;357;305,http://img.db.178.com/wow/icons/m/ability_mount_raptor.jpg
235,小塔克,野兽,掉落,110;364;538;193;357;305,http://img.db.178.com/wow/icons/m/ability_mount_raptor.jpg
236,黑曜石幼龙,野兽,商人,110;364;538;193;357;305,http://img.db.178.com/wow/icons/m/ability_mount_raptor.jpg
237,暴掠幼龙,野兽,掉落,110;364;538;193;357;305,http://img.db.178.com/wow/icons/m/ability_mount_raptor.jpg
238,刺喉幼龙,野兽,掉落,110;364;538;193;357;305,http://img.db.178.com/wow/icons/m/ability_hunter_pet_raptor.jpg
239,拉扎什幼龙,野兽,掉落,110;364;538;193;357;305,http://img.db.178.com/wow/icons/m/ability_hunter_pet_raptor.jpg
240,墨玉猎豹,魔法,促销活动,429;436;364;437;347;621,http://img.db.178.com/wow/icons/m/inv_misc_qirajicrystal_05.jpg
241,海象人风筝,飞行,集换卡牌游戏,420,http://img.db.178.com/wow/icons/m/inv_misc_pet_01.jpg
242,幽灵虎幼崽,魔法,集换卡牌游戏,429;440;364;441;442;536,http://img.db.178.com/wow/icons/m/ability_mount_spectraltiger.jpg
243,奥妮克希亚龙宝宝,龙类,成就,115;168;170;122;172;169,http://img.db.178.com/wow/icons/m/inv_misc_head_dragon_black.jpg
244,熔火恶犬宝宝,元素,促销活动,119;362;113;202;312;159,http://img.db.178.com/wow/icons/m/ability_hunter_pet_corehound.jpg
245,狮鹫宝宝,飞行,暴雪宠物商店,112;524;581;420;162;170,http://img.db.178.com/wow/icons/m/inv_misc_pet_02.jpg
246,驭风者宝宝,野兽,暴雪宠物商店,110;420;581;524;162;170,http://img.db.178.com/wow/icons/m/inv_misc_pet_04.jpg
247,紫袍玉虎,魔法,促销活动,437;492;538;535;436;536,http://img.db.178.com/wow/icons/m/inv_jewelcrafting_gem_06.jpg
248,熊猫人僧侣,人形,暴雪宠物商店,219;223;226;221;225;227,http://img.db.178.com/wow/icons/m/inv_misc_pet_03.jpg
249,小克,亡灵,暴雪宠物商店,210;212;414;120;214;218,http://img.db.178.com/wow/icons/m/achievement_boss_kelthuzad_01.jpg
250,溜溜,禽畜,成就,110;576;159;253;578;377,http://img.db.178.com/wow/icons/m/inv_misc_bone_01.jpg
251,毒毒,魔法,世界活动,445;447;450;449;448;369,http://img.db.178.com/wow/icons/m/inv_misc_slime_01.jpg
253,霜娃娃,元素,世界活动,416;414;624;509;575;120,http://img.db.178.com/wow/icons/m/spell_frost_frozencore.jpg
254,蓝色发条战士,机械,商人,777;640;636;455;634;293,http://img.db.178.com/wow/icons/m/inv_gizmo_06.jpg
255,星界灵龙,龙类,成就,115;611;595;347;589;258,http://img.db.178.com/wow/icons/m/inv_pet_celestialdragon.jpg
256,小拆,机械,暴雪宠物商店,116;278;386;202;279;387,http://img.db.178.com/wow/icons/m/achievement_boss_xt002deconstructor_01.jpg
257,角斗士莫叽姆斯,人形,促销活动,111;760;761;360;158;762,http://img.db.178.com/wow/icons/m/inv_spear_05.jpg
258,迷你雷神,机械,促销活动,777;640;636;455;634;293,http://img.db.178.com/wow/icons/m/t_roboticon.jpg
259,蓝色小矛骑兵,飞行,任务,420;521;170;202;162;190,http://img.db.178.com/wow/icons/m/ability_hunter_pet_dragonhawk.jpg
260,金色小矛骑兵,飞行,任务,420;521;170;202;162;190,http://img.db.178.com/wow/icons/m/ability_hunter_pet_vulture.jpg
261,便携式世界毁灭者,机械,专业技能,384;278;754;202;208;644,http://img.db.178.com/wow/icons/m/inv_misc_enggizmos_03.jpg
262,解除武装的机甲伙伴,机械,专业技能,384;389;390;202;392;278,http://img.db.178.com/wow/icons/m/inv_pet_deweaonizedmechcompanion.jpg
264,蠕行之爪,亡灵,专业技能,210;611;218;468;780;476,http://img.db.178.com/wow/icons/m/inv_offhand_stratholme_a_02.jpg
265,佩波,元素,成就,801;453;628;621;814;644,http://img.db.178.com/wow/icons/m/spell_nature_earthelemental_totem.jpg
266,化石幼兽,亡灵,专业技能,429;611;650;648;214;649,http://img.db.178.com/wow/icons/m/trade_archaeology_tinydinosaurskeleton.jpg
267,魔化灯笼,魔法,专业技能,114;460;751;113;463;461,http://img.db.178.com/wow/icons/m/inv_misc_lantern_01.jpg
268,小翼,龙类,促销活动,393;256;606;122;809;607,http://img.db.178.com/wow/icons/m/inv_dragonwhelpcataclysm.jpg
270,暗色凤凰宝宝,元素,商人,113;792;179;482;178;794,http://img.db.178.com/wow/icons/m/inv_misc_darkphoenixpet_01.jpg
271,洛斯贝格海鸥,飞行,商人,420;190;521;202;162;170,http://img.db.178.com/wow/icons/m/inv_misc_seagullpet_01.jpg
272,犰狳幼崽,禽畜,商人,119;310;117;202;347;566,http://img.db.178.com/wow/icons/m/inv_misc_babyarmadillopet.jpg
277,发条侏儒,机械,专业技能,384;278;710;712;713;293,http://img.db.178.com/wow/icons/m/inv_misc_head_clockworkgnome_01.jpg
278,幼狐,野兽,掉落,110;165;364;360;362;366,http://img.db.178.com/wow/icons/m/inv_misc_foxkit.jpg
279,微型页岩蛛,元素,掉落,113;339;621;383;380;436,http://img.db.178.com/wow/icons/m/inv_misc_qirajicrystal_01.jpg
280,公会侍从,人形,商人,111,http://img.db.178.com/wow/icons/m/achievement_guildperk_honorablemention.jpg
281,公会侍从,人形,商人,111,http://img.db.178.com/wow/icons/m/achievement_guildperk_honorablemention.jpg
282,公会使者,人形,商人,111,http://img.db.178.com/wow/icons/m/achievement_guildperk_honorablemention_rank2.jpg
283,公会使者,人形,商人,111,http://img.db.178.com/wow/icons/m/achievement_guildperk_honorablemention_rank2.jpg
285,兰德鲁的小拆,机械,集换卡牌游戏,116;278;386;202;279;387,http://img.db.178.com/wow/icons/m/achievement_boss_xt002deconstructor_01.jpg
286,胖虫先生,野兽,掉落,367;369;364;160;371;159,http://img.db.178.com/wow/icons/m/inv_pet_maggot.jpg
287,迷你火焰蜂,飞行,任务,113;178;706;504;155;162,http://img.db.178.com/wow/icons/m/inv_inscription_pigment_bug06.jpg
289,蜗牛滑滑,禽畜,世界活动,445;369;564;449;310;376,http://img.db.178.com/wow/icons/m/inv_misc_shell_04.jpg
291,唱歌的向日葵,元素,任务,394;268;405;753;298;404,http://img.db.178.com/wow/icons/m/inv_misc_flower_02.jpg
292,魔法灯笼,魔法,专业技能,114;763;751;421;323;273,http://img.db.178.com/wow/icons/m/inv_shield_26.jpg
293,源质晶簇,元素,掉落,484;263;621;617;488;606,http://img.db.178.com/wow/icons/m/inv_misc_archstone_01.jpg
294,死亡之鳍,人形,促销活动,111;172;350;169;256;347,http://img.db.178.com/wow/icons/m/inv_dragonwhelpcataclysm.jpg
296,枭兽宝宝,人形,暴雪宠物商店,111;400;190;753;350;595,http://img.db.178.com/wow/icons/m/inv_misc_petmoonkinne.jpg
297,小拉格,元素,暴雪宠物商店,812;811;503;319;179;330,http://img.db.178.com/wow/icons/m/achievement_boss_ragnaros.jpg
298,枭兽宝宝,人形,暴雪宠物商店,111;400;190;753;350;595,http://img.db.178.com/wow/icons/m/inv_misc_petmoonkinta.jpg
301,猎豹幼崽,野兽,任务,429;492;538;535;357;536,http://img.db.178.com/wow/icons/m/ability_mount_blackpanther.jpg
302,兰德鲁的小巫妖,亡灵,集换卡牌游戏,210;212;414;120;214;218,http://img.db.178.com/wow/icons/m/achievement_boss_kelthuzad_01.jpg
303,夜刃豹幼崽,野兽,集换卡牌游戏,429;492;538;535;357;536,http://img.db.178.com/wow/icons/m/ability_mount_jungletiger.jpg
306,冬泉豹幼崽,野兽,商人,429;492;538;535;357;536,http://img.db.178.com/wow/icons/m/ability_mount_pinktiger.jpg
307,鞭尾幼龙,野兽,任务,110;364;538;193;357;305,http://img.db.178.com/wow/icons/m/ability_hunter_pet_raptor.jpg
308,长腿,魔法,世界活动,482;593;473;297;323;513,http://img.db.178.com/wow/icons/m/ability_hunter_pet_sporebat.jpg
309,翼手龙宝宝,飞行,专业技能,420;611;170;515;519;568,http://img.db.178.com/wow/icons/m/inv_misc_archaeology_babypterrodax.jpg
310,巫毒雕像,亡灵,专业技能,210;178;763;501;592;476,http://img.db.178.com/wow/icons/m/inv_misc_archaeology_trollgolem.jpg
311,守护者宝宝,飞行,暴雪宠物商店,420;347;186;437;514;190,http://img.db.178.com/wow/icons/m/inv_pet_wingedlion.jpg
316,塞纳里奥角鹰兽宝宝,飞行,暴雪宠物商店,112;357;186;184;567;170,http://img.db.178.com/wow/icons/m/inv_egg_02.jpg
317,海加尔幼熊,野兽,商人,110;247;345;347;348;124,http://img.db.178.com/wow/icons/m/inv_misc_bearcubbrown.jpg
318,火红鞭笞者,元素,商人,394;396;402;398;303;400,http://img.db.178.com/wow/icons/m/inv_misc_flower_04.jpg
319,灵猫魔宠,野兽,世界活动,437;436;538;535;256;536,http://img.db.178.com/wow/icons/m/achievement_halloween_cat_01.jpg
320,小泰蕾苟萨,龙类,商人,115;593;589;421;592;299,http://img.db.178.com/wow/icons/m/inv_misc_petdragonwhelptarecgosa.jpg
321,吓人的箱子,亡灵,世界活动,655;780;538;468;218;649,http://img.db.178.com/wow/icons/m/inv_crate_02.jpg
323,疯狂松鼠,禽畜,成就,119;162;167;411;165;163,http://img.db.178.com/wow/icons/m/inv_misc_food_02.jpg
325,艳羽卡利鸟,飞行,成就,112;784;517;184;190;518,http://img.db.178.com/wow/icons/m/inv_feather_13.jpg
328,紫色河豚,水生,集换卡牌游戏,118;315;513;509;123;297,http://img.db.178.com/wow/icons/m/inv_misc_fish_34.jpg
329,奔波尔菠萝,人形,促销活动,113;468;472;650;486;172,http://img.db.178.com/wow/icons/m/inv_pet_diablobabymurloc.jpg
330,暗月小猴,野兽,商人,349;347;352;492;350;354,http://img.db.178.com/wow/icons/m/ability_hunter_aspectofthemonkey.jpg
331,联盟气球,飞行,任务,420,http://img.db.178.com/wow/icons/m/inv_misc_balloon_04.jpg
332,部落气球,飞行,任务,420,http://img.db.178.com/wow/icons/m/inv_misc_balloon_02.jpg
333,合群的小劣魔,人形,集换卡牌游戏,111;178;173;113;764;763,http://img.db.178.com/wow/icons/m/spell_shadow_summonimp.jpg
335,暗月乌龟,水生,商人,110;310;376;249;123;566,http://img.db.178.com/wow/icons/m/inv_pet_speedy.jpg
336,暗月气球,飞行,商人,420,http://img.db.178.com/wow/icons/m/inv_misc_balloon_01.jpg
337,小煤头,元素,世界活动,801;453;628;621;814;644,http://img.db.178.com/wow/icons/m/inv_ore_tin_01.jpg
338,暗月坦克,机械,商人,777;646;301;778;634;209,http://img.db.178.com/wow/icons/m/inv_gizmo_goblingtonkcontroller.jpg
339,暗月飞艇,机械,商人,777;515;647;779;334;282,http://img.db.178.com/wow/icons/m/inv_misc_toy_05.jpg
340,小海马,水生,专业技能,118;509;513;419;230;297,http://img.db.178.com/wow/icons/m/ability_mount_seahorse.jpg
341,月光灯笼,魔法,世界活动,114;460;751;113;463;461,http://img.db.178.com/wow/icons/m/inv_shield_26.jpg
342,节日灯笼,魔法,商人,114;460;751;113;463;461,http://img.db.178.com/wow/icons/m/inv_shield_26.jpg
343,暗月豹幼崽,野兽,商人,429;492;538;535;357;536,http://img.db.178.com/wow/icons/m/ability_mount_jungletiger.jpg
344,绿色气球,飞行,商人,420,http://img.db.178.com/wow/icons/m/inv_misc_bag_10_green.jpg
345,黄色气球,飞行,商人,420,http://img.db.178.com/wow/icons/m/inv_misc_bag_10.jpg
346,魔卒萨满,亡灵,促销活动,210;178;763;501;592;476,http://img.db.178.com/wow/icons/m/inv_spear_05.jpg
347,守护巨龙之魂,龙类,暴雪宠物商店,429;404;769;115;490;753,http://img.db.178.com/wow/icons/m/inv_pet_chromaticdragon.jpg
348,军团之眼,亡灵,集换卡牌游戏,210;468;751;475;323;476,http://img.db.178.com/wow/icons/m/spell_shadow_evileye.jpg
354,PattyMack - WildBattlePet Test,魔法,未知来源,7,http://img.db.178.com/wow/icons/m/ability_mount_tyraelmount.jpg
374,黑羔羊,禽畜,宠物对战,493;253;539;541;497;163,http://img.db.178.com/wow/icons/m/spell_nature_polymorph.jpg
375,咕唧,亡灵,未知来源,118;124;122;186;273;214,http://img.db.178.com/wow/icons/m/achievement_reputation_murlocoracle.jpg
378,兔子,禽畜,宠物对战,119;162;159;360;312;163,http://img.db.178.com/wow/icons/m/inv_misc_rabbit.jpg
379,松鼠,禽畜,宠物对战,119;162;167;411;165;163,http://img.db.178.com/wow/icons/m/inv_misc_monstertail_01.jpg
380,鹿齿土拨鼠,野兽,宠物对战,424;357;411;412;283;541,http://img.db.178.com/wow/icons/m/inv_pet_beaver.jpg
381,小箭猪,禽畜,掉落,110;315;283;152;158;566,http://img.db.178.com/wow/icons/m/inv_pet_porcupine.jpg
382,小浣熊,禽畜,未知来源,110;283;152;228;158;566,http://img.db.178.com/wow/icons/m/inv_pet_raccoon.jpg
383,锦绣阔步者,水生,宠物对战,118;123;497;380;230;297,http://img.db.178.com/wow/icons/m/inv_pet_waterstrider.jpg
384,水獭幼崽,水生,未知来源,110;357;509;412;283;564,http://img.db.178.com/wow/icons/m/inv_pet_otter.jpg
385,耗子,禽畜,宠物对战,119;360;163;253;152;283,http://img.db.178.com/wow/icons/m/inv_pet_mouse.jpg
386,草原土拨鼠,禽畜,宠物对战,367;364;159;162;165;253,http://img.db.178.com/wow/icons/m/inv_pet_prairiedog.jpg
387,蛇,野兽,宠物对战,110;155;159;152;158;156,http://img.db.178.com/wow/icons/m/ability_hunter_snaketrap.jpg
388,海湾蟹,水生,宠物对战,356;511;310;509;123;513,http://img.db.178.com/wow/icons/m/ability_hunter_pet_crab.jpg
389,小小收割者,机械,宠物对战,384;389;390;202;392;278,http://img.db.178.com/wow/icons/m/inv_misc_gear_03.jpg
390,鹿,禽畜,宠物对战,493;254;539;163;574;376,http://img.db.178.com/wow/icons/m/ability_warstomp.jpg
391,高山短尾兔,禽畜,宠物对战,119;162;159;360;312;163,http://img.db.178.com/wow/icons/m/inv_misc_rabbit.jpg
392,赤脊山老鼠,禽畜,宠物对战,119;360;163;253;152;283,http://img.db.178.com/wow/icons/m/inv_misc_monstertail_03.jpg
393,蟑螂,禽畜,宠物对战,119;155;706;193;283;519,http://img.db.178.com/wow/icons/m/inv_pet_cockroach.jpg
394,绵羊,禽畜,未知来源,493;253;539;541;497;163,http://img.db.178.com/wow/icons/m/spell_nature_polymorph.jpg
395,秃鹫雏鸟,飞行,宠物对战,420;521;170;202;162;190,http://img.db.178.com/wow/icons/m/spell_hunter_aspectofthehawk.jpg
396,暮色小蜘蛛,野兽,宠物对战,378;339;383;380;382;250,http://img.db.178.com/wow/icons/m/ability_hunter_pet_spider.jpg
397,臭鼬,禽畜,宠物对战,119;492;527;360;576;539,http://img.db.178.com/wow/icons/m/inv_misc_volatileshadow.jpg
398,黑老鼠,禽畜,宠物对战,119;360;163;253;152;283,http://img.db.178.com/wow/icons/m/inv_misc_monstertail_03.jpg
399,锦蛇,野兽,宠物对战,110;155;159;152;158;156,http://img.db.178.com/wow/icons/m/ability_hunter_snaketrap.jpg
400,寡妇幼蛛,野兽,宠物对战,378;339;383;380;382;250,http://img.db.178.com/wow/icons/m/ability_hunter_pet_spider.jpg
401,海湾蟹,水生,宠物对战,356;511;310;509;123;513,http://img.db.178.com/wow/icons/m/ability_hunter_pet_crab.jpg
402,沼泽蛾,飞行,宠物对战,420;506;507;504;162;508,http://img.db.178.com/wow/icons/m/ability_hunter_pet_moth.jpg
403,鹦鹉,飞行,宠物对战,420;521;170;202;162;190,http://img.db.178.com/wow/icons/m/spell_nature_forceofnature.jpg
404,长尾地道鼠,禽畜,宠物对战,119;360;163;253;152;283,http://img.db.178.com/wow/icons/m/inv_misc_monstertail_03.jpg
405,树蟒,野兽,宠物对战,110;155;159;152;158;156,http://img.db.178.com/wow/icons/m/ability_hunter_snaketrap.jpg
406,甲虫,禽畜,宠物对战,119;155;706;193;283;519,http://img.db.178.com/wow/icons/m/inv_inscription_pigment_bug04.jpg
407,林地小蜘蛛,野兽,宠物对战,378;339;383;380;382;250,http://img.db.178.com/wow/icons/m/ability_hunter_pet_spider.jpg
408,蜥蜴幼崽,野兽,宠物对战,429;357;253;563;355;802,http://img.db.178.com/wow/icons/m/trade_archaeology_trolllizardfootcharm.jpg
409,波利,飞行,宠物对战,420;521;170;202;162;190,http://img.db.178.com/wow/icons/m/spell_nature_forceofnature.jpg
410,码头老鼠,禽畜,宠物对战,119;360;163;253;152;283,http://img.db.178.com/wow/icons/m/inv_misc_monstertail_03.jpg
411,小猩猩,野兽,宠物对战,349;347;352;492;350;354,http://img.db.178.com/wow/icons/m/inv_pet_achievement_winapetbattle.jpg
412,蜘蛛,野兽,宠物对战,378;339;383;380;382;250,http://img.db.178.com/wow/icons/m/ability_hunter_pet_spider.jpg
414,蝎子,野兽,宠物对战,356;165;359;355;357;124,http://img.db.178.com/wow/icons/m/ability_hunter_pet_scorpid.jpg
415,火甲虫,禽畜,宠物对战,113;155;172;193;173;519,http://img.db.178.com/wow/icons/m/inv_inscription_pigment_bug04.jpg
416,小黑蝎,野兽,宠物对战,356;165;359;355;357;124,http://img.db.178.com/wow/icons/m/ability_hunter_pet_scorpid.jpg
417,老鼠,禽畜,宠物对战,119;360;163;253;152;283,http://img.db.178.com/wow/icons/m/inv_misc_monstertail_03.jpg
418,水蛇,野兽,宠物对战,110;155;159;152;158;156,http://img.db.178.com/wow/icons/m/ability_hunter_snaketrap.jpg
419,小青蛙,水生,宠物对战,118;123;233;228;230;232,http://img.db.178.com/wow/icons/m/spell_shaman_hex.jpg
420,蟾蜍,水生,宠物对战,118;123;233;228;230;232,http://img.db.178.com/wow/icons/m/spell_shaman_hex.jpg
421,赤红飞蛾,飞行,宠物对战,420;506;507;504;162;508,http://img.db.178.com/wow/icons/m/ability_hunter_pet_moth.jpg
422,噬鱼蛇,野兽,宠物对战,110;155;159;152;158;156,http://img.db.178.com/wow/icons/m/ability_hunter_snaketrap.jpg
423,熔岩蟹,元素,宠物对战,113;310;179;283;173;319,http://img.db.178.com/wow/icons/m/ability_hunter_pet_crab.jpg
424,蟑螂,禽畜,宠物对战,119;155;706;193;283;519,http://img.db.178.com/wow/icons/m/inv_pet_cockroach.jpg
425,燃灰蝰蛇,野兽,宠物对战,110;155;159;152;158;156,http://img.db.178.com/wow/icons/m/ability_hunter_snaketrap.jpg
427,燃灰幼蛛,野兽,宠物对战,378;339;383;380;382;250,http://img.db.178.com/wow/icons/m/ability_hunter_pet_spider.jpg
428,熔火幼蛛,野兽,宠物对战,113;339;319;383;173;382,http://img.db.178.com/wow/icons/m/ability_hunter_pet_spider.jpg
429,熔火甲虫,禽畜,宠物对战,113;155;172;193;173;519,http://img.db.178.com/wow/icons/m/inv_inscription_pigment_bug04.jpg
430,金甲虫,禽畜,宠物对战,119;155;706;193;283;519,http://img.db.178.com/wow/icons/m/inv_inscription_pigment_bug04.jpg
431,响尾蛇,野兽,宠物对战,110;155;159;152;158;156,http://img.db.178.com/wow/icons/m/ability_hunter_snaketrap.jpg
432,纹尾蝎,野兽,宠物对战,356;165;359;355;357;124,http://img.db.178.com/wow/icons/m/ability_hunter_pet_scorpid.jpg
433,刺蜥,野兽,宠物对战,429;357;253;563;355;802,http://img.db.178.com/wow/icons/m/trade_archaeology_trolllizardfootcharm.jpg
434,山羊,野兽,宠物对战,493;253;539;541;497;163,http://img.db.178.com/wow/icons/m/ability_mount_mountainram.jpg
437,小黑山羊,野兽,宠物对战,493;253;376;541;497;163,http://img.db.178.com/wow/icons/m/ability_mount_mountainram.jpg
438,王蛇,野兽,宠物对战,110;155;159;152;158;156,http://img.db.178.com/wow/icons/m/spell_nature_guardianward.jpg
439,不息之影,亡灵,宠物对战,422;657;121;421;214;764,http://img.db.178.com/wow/icons/m/ability_druid_dreamstate.jpg
440,雪豹幼崽,野兽,宠物对战,429;492;538;535;357;536,http://img.db.178.com/wow/icons/m/ability_mount_pinktiger.jpg
441,高山野兔,禽畜,宠物对战,119;162;159;360;312;163,http://img.db.178.com/wow/icons/m/inv_misc_rabbit.jpg
442,辐射蟑螂,禽畜,宠物对战,119;155;706;193;283;519,http://img.db.178.com/wow/icons/m/inv_pet_cockroach.jpg
443,草地短尾兔,禽畜,宠物对战,119;162;159;360;312;163,http://img.db.178.com/wow/icons/m/inv_misc_rabbit.jpg
444,PattyMack 2.0 - WildBattlePet Test,禽畜,未知来源,125,http://img.db.178.com/wow/icons/m/ability_mount_tyraelmount.jpg
445,小旋风,元素,宠物对战,420;515;190;514;348;453,http://img.db.178.com/wow/icons/m/ability_druid_galewinds.jpg
446,翡翠软泥怪,魔法,宠物对战,445;447;450;449;448;369,http://img.db.178.com/wow/icons/m/inv_misc_slime_01.jpg
447,小鹿,禽畜,宠物对战,493;254;539;163;574;376,http://img.db.178.com/wow/icons/m/inv_pet_fawn.jpg
448,野兔,禽畜,宠物对战,119;162;159;360;312;163,http://img.db.178.com/wow/icons/m/inv_misc_rabbit.jpg
449,棕色土拨鼠,禽畜,宠物对战,367;165;364;253;162;159,http://img.db.178.com/wow/icons/m/inv_pet_prairiedog.jpg
450,蛆虫,野兽,宠物对战,367;369;364;160;371;159,http://img.db.178.com/wow/icons/m/inv_misc_food_vendor_boiledsilkwormpupa.jpg
452,红尾花栗鼠,禽畜,宠物对战,119;162;167;411;165;163,http://img.db.178.com/wow/icons/m/inv_misc_monstertail_01.jpg
453,染病的熊崽,亡灵,宠物对战,499;348;345;347;247;663,http://img.db.178.com/wow/icons/m/inv_pet_diseasedbearcub.jpg
454,幽暗城老鼠,禽畜,宠物对战,119;360;163;253;152;283,http://img.db.178.com/wow/icons/m/inv_misc_monstertail_03.jpg
455,生病的松鼠,禽畜,宠物对战,119;162;666;411;165;163,http://img.db.178.com/wow/icons/m/inv_pet_diseasedsquirrel.jpg
456,凋零雄鹰,亡灵,宠物对战,117;665;170;420;654;190,http://img.db.178.com/wow/icons/m/inv_pet_undeadeagle.jpg
457,腐烂蛆虫,野兽,宠物对战,367;369;364;160;371;159,http://img.db.178.com/wow/icons/m/ability_hunter_pet_worm.jpg
458,洛丹伦迷途者,亡灵,宠物对战,210;212;650;449;299;218,http://img.db.178.com/wow/icons/m/achievement_halloween_ghost_01.jpg
459,猫,野兽,宠物对战,429;492;538;535;357;536,http://img.db.178.com/wow/icons/m/ability_hunter_catlikereflexes.jpg
460,红玉树苗,元素,宠物对战,119;318;268;630;310;400,http://img.db.178.com/wow/icons/m/ability_druid_forceofnature.jpg
461,幼虫,野兽,宠物对战,367;369;364;160;371;159,http://img.db.178.com/wow/icons/m/inv_misc_food_vendor_boiledsilkwormpupa.jpg
462,Jacob the Test Seagull,飞行,商人,157;184;188;298;150;149,http://img.db.178.com/wow/icons/m/inv_misc_seagullpet_01.jpg
463,灵魂蟹,亡灵,宠物对战,356;509;310;488;513;476,http://img.db.178.com/wow/icons/m/inv_jewelcrafting_truesilvercrab.jpg
464,灰蛾,飞行,宠物对战,420;506;507;504;162;508,http://img.db.178.com/wow/icons/m/ability_hunter_pet_moth.jpg
465,破坏者幼崽,野兽,宠物对战,110;357;538;441;359;124,http://img.db.178.com/wow/icons/m/ability_hunter_pet_ravager.jpg
466,骨刺蜥蜴,野兽,宠物对战,429;357;253;563;355;802,http://img.db.178.com/wow/icons/m/trade_archaeology_trolllizardfootcharm.jpg
467,蜣螂,禽畜,宠物对战,119;155;706;193;283;519,http://img.db.178.com/wow/icons/m/inv_misc_ahnqirajtrinket_01.jpg
468,恐惧爬行者,禽畜,宠物对战,119;155;706;193;283;519,http://img.db.178.com/wow/icons/m/inv_misc_ahnqirajtrinket_01.jpg
469,暮光甲虫,禽畜,宠物对战,119;155;706;193;283;519,http://img.db.178.com/wow/icons/m/inv_misc_ahnqirajtrinket_01.jpg
470,暮光蜘蛛,野兽,宠物对战,378;339;383;380;382;250,http://img.db.178.com/wow/icons/m/ability_hunter_pet_spider.jpg
471,机械小鸡,机械,宠物对战,112;389;208;455;533;459,http://img.db.178.com/wow/icons/m/inv_pet_mechanicalchicken.jpg
472,坏松鼠5000型,机械,宠物对战,384;389;666;202;392;278,http://img.db.178.com/wow/icons/m/inv_misc_monstertail_01.jpg
473,绿松乌龟,水生,宠物对战,110;310;376;249;123;566,http://img.db.178.com/wow/icons/m/inv_misc_fish_turtle_02.jpg
474,猎豹幼崽,野兽,宠物对战,429;492;538;535;357;536,http://img.db.178.com/wow/icons/m/ability_mount_jungletiger.jpg
475,斑纹长颈鹿,野兽,宠物对战,493;254;376;539;163;283,http://img.db.178.com/wow/icons/m/ability_warstomp.jpg
476,瞪羚,禽畜,宠物对战,493;254;539;163;574;376,http://img.db.178.com/wow/icons/m/ability_warstomp.jpg
477,小瞪羚,禽畜,宠物对战,493;254;539;163;574;376,http://img.db.178.com/wow/icons/m/ability_warstomp.jpg
478,森林蛾,飞行,宠物对战,420;506;507;504;162;508,http://img.db.178.com/wow/icons/m/ability_hunter_pet_moth.jpg
479,小野兔,禽畜,宠物对战,119;162;159;360;312;163,http://img.db.178.com/wow/icons/m/inv_misc_rabbit.jpg
480,黄宝石钻孔幼蛛,元素,宠物对战,113;339;621;383;380;436,http://img.db.178.com/wow/icons/m/inv_misc_qirajicrystal_01.jpg
482,石蝰蛇,野兽,宠物对战,110;155;159;152;158;156,http://img.db.178.com/wow/icons/m/ability_hunter_snaketrap.jpg
483,亮鳞蜥蜴,水生,宠物对战,118;123;233;228;230;232,http://img.db.178.com/wow/icons/m/spell_shaman_hex.jpg
484,沙漠蜘蛛,野兽,宠物对战,378;339;383;380;382;250,http://img.db.178.com/wow/icons/m/ability_hunter_pet_spider.jpg
485,石犰狳,禽畜,宠物对战,119;310;117;202;347;566,http://img.db.178.com/wow/icons/m/inv_misc_babyarmadillopet.jpg
486,长耳鹿,禽畜,宠物对战,493;254;539;163;574;376,http://img.db.178.com/wow/icons/m/ability_warstomp.jpg
487,高山花栗鼠,禽畜,宠物对战,119;162;167;411;165;163,http://img.db.178.com/wow/icons/m/inv_misc_monstertail_01.jpg
488,珊瑚蛇,野兽,宠物对战,110;155;159;152;158;156,http://img.db.178.com/wow/icons/m/ability_hunter_snaketrap.jpg
489,奥妮克希亚的雏龙,龙类,宠物对战,115;168;170;122;172;169,http://img.db.178.com/wow/icons/m/inv_misc_head_dragon_black.jpg
491,沙漠小猫,野兽,宠物对战,429;492;538;535;357;536,http://img.db.178.com/wow/icons/m/ability_hunter_catlikereflexes.jpg
492,臭虫,禽畜,宠物对战,119;155;706;193;283;519,http://img.db.178.com/wow/icons/m/inv_inscription_pigment_bug04.jpg
493,闪光湖蜗牛,禽畜,宠物对战,445;369;564;449;310;376,http://img.db.178.com/wow/icons/m/trade_archaeology_fossil_snailshell.jpg
494,异种幼虫,野兽,宠物对战,119;155;706;538;283;453,http://img.db.178.com/wow/icons/m/ability_hunter_pet_silithid.jpg
495,青蛙,水生,宠物对战,118;123;233;228;230;232,http://img.db.178.com/wow/icons/m/spell_shaman_hex.jpg
496,锈色蜗牛,禽畜,宠物对战,445;369;564;449;310;376,http://img.db.178.com/wow/icons/m/trade_archaeology_fossil_snailshell.jpg
497,腐化蟑螂,禽畜,宠物对战,119;155;706;193;283;519,http://img.db.178.com/wow/icons/m/inv_pet_cockroach.jpg
498,染病蛾,飞行,宠物对战,420;506;507;504;162;508,http://img.db.178.com/wow/icons/m/ability_hunter_pet_moth.jpg
499,腐化鼠,禽畜,宠物对战,119;360;163;253;152;283,http://img.db.178.com/wow/icons/m/inv_misc_monstertail_03.jpg
500,迷你地狱火,魔法,宠物对战,406;409;407;178;392;282,http://img.db.178.com/wow/icons/m/spell_shadow_summoninfernal.jpg
502,斑点铃蛙,水生,宠物对战,118;123;233;228;230;232,http://img.db.178.com/wow/icons/m/spell_shaman_hex.jpg
503,丝翅蛾,飞行,宠物对战,420;506;507;504;162;508,http://img.db.178.com/wow/icons/m/ability_hunter_pet_moth.jpg
504,双帆幼龙,野兽,宠物对战,429;357;253;563;355;802,http://img.db.178.com/wow/icons/m/inv_misc_monsterscales_16.jpg
505,暮光鬣蜥,野兽,宠物对战,429;357;253;563;355;802,http://img.db.178.com/wow/icons/m/trade_archaeology_trolllizardfootcharm.jpg
506,喷毒幼蛛,野兽,宠物对战,378;339;383;380;382;250,http://img.db.178.com/wow/icons/m/ability_hunter_pet_spider.jpg
507,羽冠猫头鹰,飞行,宠物对战,112;784;517;184;190;518,http://img.db.178.com/wow/icons/m/ability_hunter_pet_owl.jpg
508,黑海岸幼崽,野兽,宠物对战,110;247;345;347;348;124,http://img.db.178.com/wow/icons/m/inv_misc_bearcubbrown.jpg
509,袖珍沼泽兽,元素,宠物对战,406;394;398;350;364;124,http://img.db.178.com/wow/icons/m/inv_shoulder_18.jpg
510,机械小兔,机械,宠物对战,384;389;390;202;392;278,http://img.db.178.com/wow/icons/m/inv_pet_deweaonizedmechcompanion.jpg
511,响尾蛇,野兽,宠物对战,110;155;159;152;158;156,http://img.db.178.com/wow/icons/m/ability_hunter_snaketrap.jpg
512,甲虫幼虫,禽畜,宠物对战,119;155;706;193;283;519,http://img.db.178.com/wow/icons/m/inv_misc_ahnqirajtrinket_01.jpg
513,幼年其拉守护者,人形,宠物对战,406;521;186;741;453;227,http://img.db.178.com/wow/icons/m/achievement_zone_silithus_01.jpg
514,剥石者幼崽,人形,宠物对战,713;426;307;355;490;124,http://img.db.178.com/wow/icons/m/ability_racial_flayer.jpg
515,初生胞芽,人形,宠物对战,219;743;746;221;745;165,http://img.db.178.com/wow/icons/m/inv_mushroom_11.jpg
517,曲行幼蜥,野兽,宠物对战,429;357;802;616;355;253,http://img.db.178.com/wow/icons/m/ability_hunter_pet_warpstalker.jpg
518,裂蹄小牛,野兽,宠物对战,349;283;571;377;375;163,http://img.db.178.com/wow/icons/m/inv_misc_foot_centaur.jpg
519,邪焰,元素,宠物对战,113;178;179;501;172;409,http://img.db.178.com/wow/icons/m/spell_fire_felfire.jpg
521,虚空鳐幼体,飞行,宠物对战,110;122;422;421;420;394,http://img.db.178.com/wow/icons/m/ability_hunter_pet_netherray.jpg
523,贪吃的蛆虫,野兽,宠物对战,367;369;364;160;371;159,http://img.db.178.com/wow/icons/m/inv_qiraj_skinsandworm.jpg
525,火鸡,飞行,宠物对战,112;524;580;420;579;581,http://img.db.178.com/wow/icons/m/inv_thanksgiving_turkey.jpg
528,鳞甲蜥蜴幼崽,野兽,宠物对战,110;347;202;569;568;357,http://img.db.178.com/wow/icons/m/trade_archaeology_trolllizardfootcharm.jpg
529,峡湾座狼幼崽,野兽,宠物对战,110;165;364;360;362;366,http://img.db.178.com/wow/icons/m/ability_hunter_pet_wolf.jpg
530,油腻软泥怪,魔法,宠物对战,445;447;450;449;448;369,http://img.db.178.com/wow/icons/m/inv_misc_slime_02.jpg
532,迷你碎角,野兽,宠物对战,349;377;375;283;571;163,http://img.db.178.com/wow/icons/m/ability_hunter_pet_rhino.jpg
534,皇家雏鹰,飞行,宠物对战,420;190;521;202;162;170,http://img.db.178.com/wow/icons/m/ability_hunter_eagleeye.jpg
535,小水花,元素,宠物对战,118;414;418;413;416;419,http://img.db.178.com/wow/icons/m/spell_frost_summonwaterelemental_2.jpg
536,苔原企鹅,水生,宠物对战,112;528;413;509;575;529,http://img.db.178.com/wow/icons/m/inv_pet_babypengu.jpg
537,龙骨幼鸟,飞行,宠物对战,420;521;170;202;162;190,http://img.db.178.com/wow/icons/m/ability_hunter_pet_vulture.jpg
538,痛苦的雏龙,亡灵,宠物对战,393;256;657;122;214;668,http://img.db.178.com/wow/icons/m/inv_misc_head_dragon_black.jpg
539,洞穴鼠,禽畜,宠物对战,119;359;163;360;283;253,http://img.db.178.com/wow/icons/m/inv_misc_monstertail_03.jpg
540,食腐鼠,禽畜,宠物对战,119;360;163;253;152;283,http://img.db.178.com/wow/icons/m/inv_misc_monstertail_03.jpg
541,防火蟑螂,禽畜,宠物对战,119;155;706;193;283;519,http://img.db.178.com/wow/icons/m/inv_pet_cockroach.jpg
542,胶皮蛙,水生,宠物对战,118;123;233;228;230;232,http://img.db.178.com/wow/icons/m/spell_shaman_hex.jpg
543,蝗虫,禽畜,宠物对战,119;155;706;193;283;519,http://img.db.178.com/wow/icons/m/inv_pet_cockroach.jpg
544,绿洲蛾,飞行,宠物对战,420;506;507;504;162;508,http://img.db.178.com/wow/icons/m/ability_hunter_pet_moth.jpg
545,斑点蝎,野兽,宠物对战,356;165;359;355;357;124,http://img.db.178.com/wow/icons/m/ability_hunter_pet_scorpid.jpg
546,托维尔圣甲虫,禽畜,宠物对战,119;155;706;193;283;519,http://img.db.178.com/wow/icons/m/inv_scarab_stone.jpg
547,诺达希尔小精灵,魔法,宠物对战,114;463;751;461;421;299,http://img.db.178.com/wow/icons/m/spell_nature_wispsplode.jpg
548,蛮锤狮鹫幼崽,飞行,宠物对战,112;420;581;524;162;170,http://img.db.178.com/wow/icons/m/inv_misc_pet_02.jpg
549,黄腹土拨鼠,禽畜,宠物对战,367;364;159;162;165;253,http://img.db.178.com/wow/icons/m/inv_pet_prairiedog.jpg
550,高地鼠,禽畜,宠物对战,119;360;163;253;152;283,http://img.db.178.com/wow/icons/m/inv_pet_mouse.jpg
552,暮光小恶魔,魔法,宠物对战,655;364;197;492;448;212,http://img.db.178.com/wow/icons/m/spell_shadow_shadowfiend.jpg
553,偷渡老鼠,禽畜,宠物对战,119;360;163;253;152;283,http://img.db.178.com/wow/icons/m/inv_misc_monstertail_03.jpg
554,赤红幼岩蛛,元素,宠物对战,113;339;621;383;380;436,http://img.db.178.com/wow/icons/m/inv_misc_qirajicrystal_01.jpg
555,深岩蟑螂,禽畜,宠物对战,119;155;706;193;283;519,http://img.db.178.com/wow/icons/m/inv_pet_cockroach.jpg
556,水晶甲虫,禽畜,宠物对战,119;155;706;193;283;519,http://img.db.178.com/wow/icons/m/inv_inscription_pigment_bug04.jpg
557,虚空精灵龙,飞行,宠物对战,420;421;595;440;277;190,http://img.db.178.com/wow/icons/m/inv_egg_06.jpg
558,极地狐狸崽,野兽,宠物对战,110;165;364;360;362;366,http://img.db.178.com/wow/icons/m/inv_misc_foxkit.jpg
559,血红晶簇,元素,宠物对战,484;263;621;617;488;606,http://img.db.178.com/wow/icons/m/inv_misc_qirajicrystal_02.jpg
560,海鸥,飞行,宠物对战,420;190;521;202;162;170,http://img.db.178.com/wow/icons/m/inv_misc_seagullpet_01.jpg
562,珊瑚毒蛇,野兽,宠物对战,110;155;159;152;158;156,http://img.db.178.com/wow/icons/m/ability_hunter_snaketrap.jpg
564,翡翠乌龟,水生,宠物对战,525;310;376;249;123;566,http://img.db.178.com/wow/icons/m/inv_misc_fish_turtle_02.jpg
565,丛林蟾蜍,水生,宠物对战,118;123;233;228;230;232,http://img.db.178.com/wow/icons/m/spell_shaman_hex.jpg
566,明镜水黾,水生,宠物对战,118;123;497;380;230;297,http://img.db.178.com/wow/icons/m/inv_pet_waterstrider.jpg
567,寺院毒蛇,野兽,宠物对战,110;155;159;152;158;156,http://img.db.178.com/wow/icons/m/ability_hunter_snaketrap.jpg
568,珠丝蜗牛,禽畜,宠物对战,445;369;564;449;310;376,http://img.db.178.com/wow/icons/m/trade_archaeology_fossil_snailshell.jpg
569,花园蛙,水生,宠物对战,118;123;233;228;230;232,http://img.db.178.com/wow/icons/m/spell_shaman_hex.jpg
570,假面狸猫,禽畜,宠物对战,110;283;152;228;158;566,http://img.db.178.com/wow/icons/m/inv_pet_raccoon.jpg
571,林地毒蛇,野兽,宠物对战,110;155;159;152;158;156,http://img.db.178.com/wow/icons/m/ability_hunter_snaketrap.jpg
572,塔边小蟹,水生,宠物对战,356;511;310;509;123;513,http://img.db.178.com/wow/icons/m/ability_hunter_pet_crab.jpg
573,沙地海燕,飞行,宠物对战,420;190;521;202;162;170,http://img.db.178.com/wow/icons/m/inv_misc_seagullpet_01.jpg
626,蝙蝠,飞行,宠物对战,110;357;186;383;521;517,http://img.db.178.com/wow/icons/m/ability_hunter_pet_bat.jpg
627,被感染的松鼠,亡灵,宠物对战,499;666;160;743;163;663,http://img.db.178.com/wow/icons/m/inv_pet_diseasedsquirrel.jpg
628,被感染的小鹿,亡灵,宠物对战,499;162;212;360;665;214,http://img.db.178.com/wow/icons/m/ability_creature_poison_02.jpg
629,滩蟹,水生,商人,356;511;310;509;123;513,http://img.db.178.com/wow/icons/m/ability_hunter_pet_crab.jpg
630,吉尔尼斯渡鸦,飞行,商人,112;792;517;504;256;522,http://img.db.178.com/wow/icons/m/inv_feather_02.jpg
631,翡翠树蚺,野兽,宠物对战,110;155;159;152;158;156,http://img.db.178.com/wow/icons/m/ability_hunter_snaketrap.jpg
632,燃灰蜥蜴,野兽,宠物对战,429;357;253;563;355;802,http://img.db.178.com/wow/icons/m/trade_archaeology_trolllizardfootcharm.jpg
633,山地臭鼬,禽畜,宠物对战,119;492;527;360;576;539,http://img.db.178.com/wow/icons/m/inv_misc_volatileshadow.jpg
634,水晶蜘蛛,野兽,宠物对战,378;339;383;569;382;250,http://img.db.178.com/wow/icons/m/ability_hunter_pet_spider.jpg
635,蝰蛇,野兽,宠物对战,110;155;159;152;158;156,http://img.db.178.com/wow/icons/m/ability_hunter_snaketrap.jpg
637,敏捷的洞穴蛛,野兽,宠物对战,378;339;383;380;382;250,http://img.db.178.com/wow/icons/m/ability_hunter_pet_spider.jpg
638,虚空蟑螂,禽畜,宠物对战,193;155;706;608;283;519,http://img.db.178.com/wow/icons/m/inv_pet_cockroach.jpg
639,北风土拨鼠,禽畜,宠物对战,367;165;364;253;162;159,http://img.db.178.com/wow/icons/m/inv_pet_prairiedog.jpg
640,雪靴野兔,禽畜,宠物对战,119;162;159;360;312;163,http://img.db.178.com/wow/icons/m/inv_misc_rabbit.jpg
641,极地野兔,禽畜,宠物对战,119;162;159;360;312;163,http://img.db.178.com/wow/icons/m/inv_misc_rabbit.jpg
644,峡湾鼠,禽畜,宠物对战,119;360;163;253;152;283,http://img.db.178.com/wow/icons/m/inv_misc_monstertail_03.jpg
645,高地火鸡,飞行,宠物对战,112;524;580;420;579;581,http://img.db.178.com/wow/icons/m/inv_thanksgiving_turkey.jpg
646,鸡,飞行,宠物对战,112;524;642;420;162;581,http://img.db.178.com/wow/icons/m/inv_thanksgiving_turkey.jpg
647,灰色松鼠,禽畜,宠物对战,119;162;167;411;165;163,http://img.db.178.com/wow/icons/m/inv_misc_monstertail_01.jpg
648,大蟾蜍,水生,宠物对战,118;123;233;228;230;232,http://img.db.178.com/wow/icons/m/spell_shaman_hex.jpg
649,黄蟾蜍,水生,宠物对战,118;123;233;228;230;232,http://img.db.178.com/wow/icons/m/spell_shaman_hex.jpg
650,吓人芜菁,元素,掉落,826;745;404;419;298;828,http://img.db.178.com/wow/icons/m/inv_pet_turnippet.jpg
652,小金鱼,水生,商人,118;230;513;509;123;297,http://img.db.178.com/wow/icons/m/inv_misc_fish_36.jpg
665,沙地甲虫,禽畜,集换卡牌游戏,119;155;706;193;283;519,http://img.db.178.com/wow/icons/m/inv_scarab_clay.jpg
666,艾蕾娜,水生,未知来源,110;412;159;429;345;376,http://img.db.178.com/wow/icons/m/ability_monk_summontigerstatue.jpg
671,幸运魁麟幼崽,禽畜,促销活动,110;576;159;253;578;377,http://img.db.178.com/wow/icons/m/inv_quilinpet.jpg
675,暴风城老鼠,禽畜,宠物对战,119;360;163;253;152;283,http://img.db.178.com/wow/icons/m/inv_misc_monstertail_03.jpg
677,害羞的袋狸,禽畜,宠物对战,110;283;152;228;158;566,http://img.db.178.com/wow/icons/m/inv_pet_raccoon.jpg
678,丛林幼虫,野兽,宠物对战,367;369;364;160;371;159,http://img.db.178.com/wow/icons/m/inv_pet_maggot.jpg
679,高山小羊,野兽,宠物对战,493;253;376;541;497;163,http://img.db.178.com/wow/icons/m/inv_misc_monsterhorn_02.jpg
680,魁潭猫鼬,水生,宠物对战,110;357;509;412;283;564,http://img.db.178.com/wow/icons/m/inv_misc_monstertail_07.jpg
699,跳蛛,野兽,宠物对战,378;339;383;380;382;250,http://img.db.178.com/wow/icons/m/ability_hunter_pet_spider.jpg
702,金钱豹蛙,水生,宠物对战,118;123;233;228;230;232,http://img.db.178.com/wow/icons/m/spell_shaman_hex.jpg
703,假面狸猫幼崽,禽畜,宠物对战,110;283;152;228;158;566,http://img.db.178.com/wow/icons/m/inv_pet_raccoon.jpg
705,发情的公鸡,飞行,宠物对战,112;524;642;420;162;581,http://img.db.178.com/wow/icons/m/inv_thanksgiving_turkey.jpg
706,超能浣熊,禽畜,宠物对战,110;283;152;228;158;566,http://img.db.178.com/wow/icons/m/inv_misc_monstertail_01.jpg
707,超能浣熊幼崽,禽畜,宠物对战,110;283;152;228;158;566,http://img.db.178.com/wow/icons/m/inv_pet_raccoon.jpg
708,南洋箭鼠,禽畜,宠物对战,110;315;283;152;158;566,http://img.db.178.com/wow/icons/m/inv_misc_monstertail_01.jpg
709,南洋箭鼠幼崽,禽畜,宠物对战,110;315;283;152;158;566,http://img.db.178.com/wow/icons/m/inv_misc_monstertail_01.jpg
710,泽地小歌手,禽畜,宠物对战,626;706;573;357;506;298,http://img.db.178.com/wow/icons/m/inv_pet_cricket.jpg
711,四方水獭,水生,宠物对战,110;357;509;412;283;564,http://img.db.178.com/wow/icons/m/inv_pet_otter.jpg
712,四方水獭幼崽,水生,宠物对战,110;357;509;412;283;564,http://img.db.178.com/wow/icons/m/inv_pet_otter.jpg
713,软壳幼龟,水生,宠物对战,110;310;376;249;123;566,http://img.db.178.com/wow/icons/m/inv_pet_speedy.jpg
714,热毒牙幼蛛,野兽,宠物对战,378;339;383;380;382;250,http://img.db.178.com/wow/icons/m/ability_hunter_pet_spider.jpg
715,野生蚕,野兽,宠物对战,367;369;364;160;371;159,http://img.db.178.com/wow/icons/m/inv_pet_maggot.jpg
716,紫水晶幼蛛,野兽,宠物对战,378;339;383;380;382;250,http://img.db.178.com/wow/icons/m/ability_hunter_pet_spider.jpg
717,薄荷甲虫,禽畜,宠物对战,119;155;706;193;283;519,http://img.db.178.com/wow/icons/m/inv_inscription_pigment_bug04.jpg
718,露羽飞蛾,飞行,宠物对战,420;506;507;504;162;508,http://img.db.178.com/wow/icons/m/ability_hunter_pet_moth.jpg
722,魅力闪耀者,飞行,宠物对战,119;632;706;420;506;270,http://img.db.178.com/wow/icons/m/ability_hunter_pet_wasp.jpg
723,棘刺水龟,水生,宠物对战,110;310;376;249;123;566,http://img.db.178.com/wow/icons/m/ability_mount_pandaranmountepicblack.jpg
724,高山幼狐,野兽,宠物对战,110;165;364;360;362;366,http://img.db.178.com/wow/icons/m/inv_misc_foxkit.jpg
725,高山狐狸崽,野兽,宠物对战,110;165;364;360;362;366,http://img.db.178.com/wow/icons/m/inv_misc_foxkit.jpg
726,平原监视者,野兽,宠物对战,429;357;253;563;355;802,http://img.db.178.com/wow/icons/m/trade_archaeology_trolllizardfootcharm.jpg
727,草原鼠,禽畜,宠物对战,119;253;163;360;152;283,http://img.db.178.com/wow/icons/m/inv_pet_mouse.jpg
728,泽川小鸡,飞行,宠物对战,112;524;642;420;162;581,http://img.db.178.com/wow/icons/m/inv_thanksgiving_turkey.jpg
729,多莱野兔,禽畜,宠物对战,119;162;159;360;312;163,http://img.db.178.com/wow/icons/m/inv_misc_rabbit.jpg
730,多莱兔仔,禽畜,宠物对战,119;162;159;360;312;163,http://img.db.178.com/wow/icons/m/inv_misc_rabbit.jpg
731,佐伊灵蛇,野兽,宠物对战,110;155;159;152;158;156,http://img.db.178.com/wow/icons/m/ability_hunter_snaketrap.jpg
732,琥珀飞蛾,飞行,宠物对战,420;506;507;504;162;508,http://img.db.178.com/wow/icons/m/ability_hunter_pet_moth.jpg
733,草地欢跳者,禽畜,宠物对战,626;706;573;357;506;298,http://img.db.178.com/wow/icons/m/inv_pet_cricket.jpg
737,猫鼬,水生,宠物对战,110;357;509;412;283;564,http://img.db.178.com/wow/icons/m/inv_misc_monstertail_07.jpg
739,猫鼬幼崽,水生,宠物对战,110;357;509;412;283;564,http://img.db.178.com/wow/icons/m/inv_misc_monstertail_07.jpg
740,牦鼠,禽畜,宠物对战,119;360;163;253;152;283,http://img.db.178.com/wow/icons/m/inv_misc_monstertail_03.jpg
741,安静的刺猬,野兽,宠物对战,110;315;283;152;158;566,http://img.db.178.com/wow/icons/m/inv_pet_porcupine.jpg
742,迷糊的刺猬,野兽,宠物对战,110;283;158;152;315;566,http://img.db.178.com/wow/icons/m/inv_pet_porcupine.jpg
743,拉帕纳海螺,禽畜,宠物对战,445;369;564;449;310;376,http://img.db.178.com/wow/icons/m/trade_archaeology_fossil_snailshell.jpg
744,坚忍蟑螂,禽畜,宠物对战,119;155;706;193;283;519,http://img.db.178.com/wow/icons/m/inv_pet_cockroach.jpg
745,硬壳蝎,野兽,宠物对战,356;165;359;355;357;124,http://img.db.178.com/wow/icons/m/ability_hunter_pet_scorpid.jpg
746,君王蟹,水生,宠物对战,356;511;310;509;123;513,http://img.db.178.com/wow/icons/m/ability_hunter_pet_crab.jpg
747,兴奋的萤火虫,飞行,宠物对战,119;632;706;420;506;270,http://img.db.178.com/wow/icons/m/ability_hunter_pet_wasp.jpg
748,镀金飞蛾,飞行,宠物对战,420;506;507;504;162;508,http://img.db.178.com/wow/icons/m/ability_hunter_pet_moth.jpg
749,金色麝猫,水生,宠物对战,110;357;509;412;283;564,http://img.db.178.com/wow/icons/m/inv_pet_otter.jpg
750,金色麝猫幼崽,水生,宠物对战,110;357;509;412;283;564,http://img.db.178.com/wow/icons/m/inv_pet_otter.jpg
751,欢跃水黾,水生,宠物对战,118;123;497;380;230;297,http://img.db.178.com/wow/icons/m/inv_pet_waterstrider.jpg
752,黄腹牛蛙,水生,宠物对战,118;123;233;228;230;232,http://img.db.178.com/wow/icons/m/spell_shaman_hex.jpg
753,花园飞蛾,飞行,宠物对战,420;506;507;504;162;508,http://img.db.178.com/wow/icons/m/ability_hunter_pet_moth.jpg
754,神龛苍蝇,飞行,宠物对战,119;632;706;420;506;270,http://img.db.178.com/wow/icons/m/ability_hunter_pet_wasp.jpg
755,亡首蟑螂,禽畜,宠物对战,119;155;706;193;283;519,http://img.db.178.com/wow/icons/m/inv_pet_cockroach.jpg
756,真菌飞蛾,飞行,宠物对战,420;506;507;504;162;508,http://img.db.178.com/wow/icons/m/ability_hunter_pet_moth.jpg
757,绿色小神龙,龙类,促销活动,115;204;190;122;347;170,http://img.db.178.com/wow/icons/m/inv_misc_head_dragon_green.jpg
758,红色小神龙,龙类,促销活动,115;204;190;122;347;170,http://img.db.178.com/wow/icons/m/inv_misc_head_dragon_green.jpg
792,碧玉雏鹤,飞行,商人,420;521;190;202;431;581,http://img.db.178.com/wow/icons/m/inv_pet_babycrane.jpg
800,穆芬,野兽,未知来源,152,http://img.db.178.com/wow/icons/m/inv_misc_bone_01.jpg
802,雷霆雏龙,龙类,宠物对战,115;204;190;122;347;170,http://img.db.178.com/wow/icons/m/inv_pet_babycloudserpent.jpg
817,野生翠绿雏龙,龙类,宠物对战,115;204;190;122;347;170,http://img.db.178.com/wow/icons/m/inv_pet_babycloudserpent.jpg
818,野生金色雏龙,龙类,宠物对战,115;204;190;122;347;170,http://img.db.178.com/wow/icons/m/inv_pet_babycloudserpent_gold.jpg
819,野生赤红雏龙,龙类,宠物对战,115;168;170;122;172;169,http://img.db.178.com/wow/icons/m/inv_pandarenserpentpet.jpg
820,颤鸣蟋蟀,禽畜,宠物对战,626;706;573;357;506;298,http://img.db.178.com/wow/icons/m/inv_pet_cricket.jpg
821,野生兔仔,人形,成就,406;371;669;228;398;668,http://img.db.178.com/wow/icons/m/inv_pet_vermin.jpg
823,高地臭鼬,禽畜,宠物对战,119;492;527;360;576;539,http://img.db.178.com/wow/icons/m/inv_misc_volatileshadow.jpg
824,呱呱女士,水生,未知来源,118,http://img.db.178.com/wow/icons/m/icon_petfamily_water.jpg
825,咆哮先生,野兽,未知来源,429,http://img.db.178.com/wow/icons/m/icon_petfamily_beast.jpg
826,飞掠妇人,禽畜,未知来源,626,http://img.db.178.com/wow/icons/m/icon_petfamily_critter.jpg
827,燃烬小姐,龙类,未知来源,115,http://img.db.178.com/wow/icons/m/icon_petfamily_dragon.jpg
828,崩岩领主,元素,未知来源,113,http://img.db.178.com/wow/icons/m/icon_petfamily_elemental.jpg
829,振翅妇人,飞行,未知来源,112,http://img.db.178.com/wow/icons/m/icon_petfamily_flying.jpg
830,铁桶头先生,人形,未知来源,111,http://img.db.178.com/wow/icons/m/icon_petfamily_humanoid.jpg
831,神秘女士,魔法,未知来源,114,http://img.db.178.com/wow/icons/m/icon_petfamily_magical.jpg
832,小轰轰,机械,未知来源,116,http://img.db.178.com/wow/icons/m/icon_petfamily_mechanical.jpg
833,臭臭博士,亡灵,未知来源,117,http://img.db.178.com/wow/icons/m/icon_petfamily_undead.jpg
834,小磨石,元素,掉落,801;453;628;621;814;644,http://img.db.178.com/wow/icons/m/inv_misc_reforgedarchstone_01.jpg
835,跳跳兔,人形,宠物对战,406;371;669;228;398;668,http://img.db.178.com/wow/icons/m/achievement_brewery_1.jpg
836,踏水黾,水生,掉落,118;123;497;380;230;297,http://img.db.178.com/wow/icons/m/inv_misc_flute_01.jpg
837,翡翠幼岩蛛,元素,宠物对战,113;339;621;383;380;436,http://img.db.178.com/wow/icons/m/inv_misc_qirajicrystal_03.jpg
838,紫晶幼岩蛛,元素,宠物对战,113;339;621;383;380;436,http://img.db.178.com/wow/icons/m/inv_misc_qirajicrystal_05.jpg
844,机械熊猫人幼龙,机械,专业技能,115;515;647;779;334;282,http://img.db.178.com/wow/icons/m/achievement_dungeon_coablackdragonflight_normal.jpg
845,碧玉猫头鹰,魔法,专业技能,420;162;170;202;521;190,http://img.db.178.com/wow/icons/m/inv_jewelcrafting_jadeowl.jpg
846,墨玉猎豹,元素,专业技能,394;492;621;535;357;536,http://img.db.178.com/wow/icons/m/inv_jewelcrafting_blackpearlpanther.jpg
847,小金鱼,水生,任务,118;230;513;509;123;297,http://img.db.178.com/wow/icons/m/inv_misc_fish_58.jpg
848,暗月兔子,禽畜,掉落,119;851;159;849;312;163,http://img.db.178.com/wow/icons/m/inv_jewelcrafting_crimsonhare.jpg
849,赤精风筝,飞行,专业技能,"",http://img.db.178.com/wow/icons/m/ability_mount_pandarenkitemount.jpg
850,玉珑风筝,飞行,专业技能,"",http://img.db.178.com/wow/icons/m/inv_misc_dragonkite_04.jpg
851,角蜥,野兽,宠物对战,429;357;253;563;355;802,http://img.db.178.com/wow/icons/m/trade_archaeology_trolllizardfootcharm.jpg
855,维纳斯,元素,成就,394;404;402;398;303;745,http://img.db.178.com/wow/icons/m/inv_misc_lifeblood.jpg
856,翡翠触须,元素,成就,119;630;318;310;268;400,http://img.db.178.com/wow/icons/m/achievement_boss_yoggsaron_01.jpg
863,寡妇幼蛛,野兽,宠物对战,378;339;383;380;382;250,http://img.db.178.com/wow/icons/m/ability_hunter_pet_spider.jpg
864,蜘蛛,野兽,宠物对战,378;339;383;380;382;250,http://img.db.178.com/wow/icons/m/ability_hunter_pet_spider.jpg
868,熊猫人水灵,元素,掉落,118;414;418;413;416;419,http://img.db.178.com/wow/icons/m/inv_pet_pandarenelemental.jpg
872,斯利瑟,野兽,未知来源,110,http://img.db.178.com/wow/icons/m/spell_nature_guardianward.jpg
873,毒牙,野兽,未知来源,110,http://img.db.178.com/wow/icons/m/spell_nature_guardianward.jpg
874,小小,禽畜,未知来源,119,http://img.db.178.com/wow/icons/m/inv_pet_mouse.jpg
875,咕咕,飞行,任务,112,http://img.db.178.com/wow/icons/m/spell_magic_polymorphchicken.jpg
876,死神800型,机械,未知来源,384,http://img.db.178.com/wow/icons/m/inv_misc_gear_03.jpg
877,蹦蹦,禽畜,未知来源,119,http://img.db.178.com/wow/icons/m/inv_misc_rabbit.jpg
878,打洞兔,禽畜,未知来源,119,http://img.db.178.com/wow/icons/m/inv_misc_rabbit.jpg
879,毛尾巴,禽畜,未知来源,119,http://img.db.178.com/wow/icons/m/inv_misc_rabbit.jpg
880,黑寡妇,野兽,宠物对战,380,http://img.db.178.com/wow/icons/m/ability_hunter_pet_spider.jpg
881,黑牙,野兽,未知来源,378,http://img.db.178.com/wow/icons/m/ability_hunter_pet_spider.jpg
882,织网者,野兽,未知来源,378,http://img.db.178.com/wow/icons/m/ability_hunter_pet_spider.jpg
883,艾美拉达,魔法,未知来源,432;431,http://img.db.178.com/wow/icons/m/inv_misc_gem_stone_01.jpg
884,月光追猎者,野兽,商人,429,http://img.db.178.com/wow/icons/m/ability_mount_jungletiger.jpg
885,纳纳斯,野兽,宠物对战,349,http://img.db.178.com/wow/icons/m/inv_pet_achievement_winapetbattle.jpg
886,小比奇,飞行,未知来源,170,http://img.db.178.com/wow/icons/m/spell_nature_forceofnature.jpg
887,大眼贼,飞行,掉落,420,http://img.db.178.com/wow/icons/m/inv_feather_08.jpg
888,小黑贼,人形,促销活动,111,http://img.db.178.com/wow/icons/m/inv_egg_03.jpg
889,姆塔,禽畜,未知来源,119,http://img.db.178.com/wow/icons/m/inv_misc_ahnqirajtrinket_01.jpg
890,长钉,野兽,未知来源,429,http://img.db.178.com/wow/icons/m/trade_archaeology_trolllizardfootcharm.jpg
891,裂肉豹,野兽,未知来源,429,http://img.db.178.com/wow/icons/m/ability_mount_jungletiger.jpg
892,弹尾巴,禽畜,未知来源,493,http://img.db.178.com/wow/icons/m/ability_warstomp.jpg
893,长脖子,野兽,未知来源,493,http://img.db.178.com/wow/icons/m/ability_warstomp.jpg
894,翩翩,飞行,未知来源,506,http://img.db.178.com/wow/icons/m/ability_hunter_pet_moth.jpg
895,乌瑟,禽畜,未知来源,445,http://img.db.178.com/wow/icons/m/trade_archaeology_fossil_snailshell.jpg
896,钳子先生,水生,未知来源,356,http://img.db.178.com/wow/icons/m/ability_hunter_pet_crab.jpg
897,艾希多斯,野兽,未知来源,378,http://img.db.178.com/wow/icons/m/ability_hunter_pet_spider.jpg
898,奥德罗,禽畜,未知来源,119,http://img.db.178.com/wow/icons/m/inv_misc_volatileshadow.jpg
899,蟒蛇,野兽,未知来源,110,http://img.db.178.com/wow/icons/m/ability_hunter_snaketrap.jpg
900,石皮,禽畜,未知来源,310,http://img.db.178.com/wow/icons/m/inv_misc_babyarmadillopet.jpg
901,珀壳幼岩蛛,元素,未知来源,621,http://img.db.178.com/wow/icons/m/inv_misc_qirajicrystal_01.jpg
902,跳跳,水生,未知来源,118,http://img.db.178.com/wow/icons/m/spell_shaman_hex.jpg
903,爆虫,魔法,促销活动,110;838;159;202;197;836,http://img.db.178.com/wow/icons/m/ability_pet_baneling.jpg
904,跃跃,禽畜,未知来源,493,http://img.db.178.com/wow/icons/m/inv_pet_fawn.jpg
905,拉斯普,野兽,未知来源,110,http://img.db.178.com/wow/icons/m/ability_hunter_snaketrap.jpg
906,微光精龙,龙类,掉落,595,http://img.db.178.com/wow/icons/m/inv_egg_02.jpg
907,沃斯,机械,未知来源,455;208,http://img.db.178.com/wow/icons/m/inv_misc_monstertail_01.jpg
908,咯咯鸡,机械,集换卡牌游戏,777,http://img.db.178.com/wow/icons/m/inv_misc_enggizmos_rocketchicken.jpg
909,吉兹莫,机械,未知来源,389,http://img.db.178.com/wow/icons/m/inv_pet_deweaonizedmechcompanion.jpg
911,火牙,龙类,未知来源,115,http://img.db.178.com/wow/icons/m/inv_misc_head_dragon_black.jpg
912,焰爪,龙类,未知来源,115,http://img.db.178.com/wow/icons/m/inv_misc_head_dragon_black.jpg
913,烈焰,龙类,未知来源,115,http://img.db.178.com/wow/icons/m/inv_misc_head_dragon_black.jpg
915,虫蜥,野兽,未知来源,357,http://img.db.178.com/wow/icons/m/trade_archaeology_trolllizardfootcharm.jpg
916,祸害鼠,禽畜,未知来源,360,http://img.db.178.com/wow/icons/m/inv_misc_monstertail_03.jpg
917,因迪贡,禽畜,未知来源,119,http://img.db.178.com/wow/icons/m/inv_misc_ahnqirajtrinket_01.jpg
921,奥卓姆斯,魔法,未知来源,406,http://img.db.178.com/wow/icons/m/spell_shadow_summoninfernal.jpg
922,比姆,魔法,世界活动,474,http://img.db.178.com/wow/icons/m/inv_pet_sleepywilly.jpg
923,憎恶行者,机械,未知来源,202,http://img.db.178.com/wow/icons/m/inv_misc_enggizmos_03.jpg
924,丝翅蛾,飞行,未知来源,420,http://img.db.178.com/wow/icons/m/ability_hunter_pet_moth.jpg
925,信号灯,魔法,未知来源,114,http://img.db.178.com/wow/icons/m/inv_shield_26.jpg
926,柳枝龙,龙类,促销活动,115,http://img.db.178.com/wow/icons/m/inv_misc_head_dragon_green.jpg
927,眩光,飞行,宠物对战,517,http://img.db.178.com/wow/icons/m/ability_eyeoftheowl.jpg
928,霜喉,野兽,未知来源,429,http://img.db.178.com/wow/icons/m/ability_mount_pinktiger.jpg
929,迷你苟斯,龙类,掉落,589,http://img.db.178.com/wow/icons/m/inv_misc_head_dragon_blue.jpg
931,噗通,魔法,未知来源,445,http://img.db.178.com/wow/icons/m/inv_misc_slime_01.jpg
932,食尸虫,野兽,未知来源,369,http://img.db.178.com/wow/icons/m/inv_misc_food_vendor_boiledsilkwormpupa.jpg
933,142号,禽畜,未知来源,119,http://img.db.178.com/wow/icons/m/inv_misc_rabbit.jpg
934,瘟疫使者,亡灵,未知来源,499,http://img.db.178.com/wow/icons/m/ability_creature_poison_02.jpg
935,无情织网蛛,野兽,未知来源,378,http://img.db.178.com/wow/icons/m/ability_hunter_pet_spider.jpg
936,腐肉,野兽,掉落,367,http://img.db.178.com/wow/icons/m/inv_pet_maggot.jpg
937,欧比斯东,龙类,掉落,393,http://img.db.178.com/wow/icons/m/inv_misc_head_dragon_black.jpg
938,沃里迪亚,龙类,掉落,525,http://img.db.178.com/wow/icons/m/inv_misc_head_dragon_green.jpg
939,加奈斯崔斯,龙类,掉落,115,http://img.db.178.com/wow/icons/m/inv_misc_head_dragon_red.jpg
941,安可洛,野兽,未知来源,110,http://img.db.178.com/wow/icons/m/ability_hunter_snaketrap.jpg
942,鸣蟾,水生,未知来源,233,http://img.db.178.com/wow/icons/m/spell_shaman_hex.jpg
943,泽翼蛾,飞行,未知来源,507,http://img.db.178.com/wow/icons/m/ability_hunter_pet_moth.jpg
944,莫尔塔,元素,未知来源,113,http://img.db.178.com/wow/icons/m/ability_hunter_pet_crab.jpg
945,伊格尼斯,禽畜,未知来源,113,http://img.db.178.com/wow/icons/m/inv_inscription_pigment_bug04.jpg
946,彗尾蜂,飞行,任务,506,http://img.db.178.com/wow/icons/m/inv_inscription_pigment_bug06.jpg
947,夜行者,亡灵,宠物对战,422,http://img.db.178.com/wow/icons/m/ability_druid_dreamstate.jpg
948,毕须博须,亡灵,促销活动,210,http://img.db.178.com/wow/icons/m/inv_spear_05.jpg
949,杰克,元素,世界活动,318,http://img.db.178.com/wow/icons/m/inv_misc_food_59.jpg
950,斯普洛德,机械,未知来源,754,http://img.db.178.com/wow/icons/m/inv_misc_bomb_04.jpg
951,歌利亚,机械,促销活动,777,http://img.db.178.com/wow/icons/m/t_roboticon.jpg
952,ED-005,机械,促销活动,640,http://img.db.178.com/wow/icons/m/inv_misc_key_05.jpg
953,冯戈,人形,未知来源,743,http://img.db.178.com/wow/icons/m/inv_mushroom_11.jpg
954,三只脚,魔法,世界活动,483,http://img.db.178.com/wow/icons/m/ability_hunter_pet_sporebat.jpg
955,萤光虫,飞行,未知来源,706,http://img.db.178.com/wow/icons/m/ability_hunter_pet_wasp.jpg
956,斯多皮,野兽,未知来源,571,http://img.db.178.com/wow/icons/m/inv_misc_foot_centaur.jpg
957,达马提亚斯,禽畜,未知来源,367,http://img.db.178.com/wow/icons/m/inv_misc_monsterclaw_04.jpg
958,疙瘩王子,水生,未知来源,233,http://img.db.178.com/wow/icons/m/spell_shaman_hex.jpg
959,岩喉,水生,专业技能,160,http://img.db.178.com/wow/icons/m/inv_pet_babycrocodile_muchbreath.jpg
960,格纳什,水生,专业技能,803,http://img.db.178.com/wow/icons/m/inv_pet_babycrocodile_snarly.jpg
961,嚼嚼,水生,专业技能,803,http://img.db.178.com/wow/icons/m/inv_drink_19.jpg
962,虚空大嘴龙,龙类,促销活动,764;751,http://img.db.178.com/wow/icons/m/inv_netherwhelp.jpg
963,碧玉火,元素,未知来源,113,http://img.db.178.com/wow/icons/m/spell_fire_felfire.jpg
964,阿卡努斯,魔法,商人,484,http://img.db.178.com/wow/icons/m/inv_elemental_primal_mana.jpg
965,啾啾,水生,未知来源,112,http://img.db.178.com/wow/icons/m/inv_pet_babypengu.jpg
966,哥培尔,飞行,未知来源,580,http://img.db.178.com/wow/icons/m/inv_thanksgiving_turkey.jpg
967,迪娜,飞行,未知来源,524,http://img.db.178.com/wow/icons/m/inv_thanksgiving_turkey.jpg
968,莫特,亡灵,未知来源,654,http://img.db.178.com/wow/icons/m/inv_misc_bone_humanskull_01.jpg
969,斯蒂奇,亡灵,世界活动,256,http://img.db.178.com/wow/icons/m/inv_misc_bone_humanskull_02.jpg
970,恐怖扼杀者,亡灵,未知来源,218,http://img.db.178.com/wow/icons/m/inv_offhand_stratholme_a_02.jpg
971,洛特,亡灵,未知来源,393,http://img.db.178.com/wow/icons/m/inv_misc_head_dragon_black.jpg
972,冰冰,亡灵,促销活动,206,http://img.db.178.com/wow/icons/m/inv_pet_frostwyrm.jpg
973,卓戈,龙类,掉落,503,http://img.db.178.com/wow/icons/m/ability_mount_drake_proto.jpg
974,凋零鼠,禽畜,未知来源,360,http://img.db.178.com/wow/icons/m/inv_misc_monstertail_03.jpg
975,撕肉者,野兽,未知来源,369,http://img.db.178.com/wow/icons/m/inv_qiraj_skinsandworm.jpg
976,卡达沃斯,野兽,未知来源,369,http://img.db.178.com/wow/icons/m/inv_misc_food_vendor_boiledsilkwormpupa.jpg
977,花花,元素,商人,394;396;400,http://img.db.178.com/wow/icons/m/inv_misc_flower_04.jpg
978,鹰嘴大师X-225型,机械,未知来源,455,http://img.db.178.com/wow/icons/m/ability_mount_mechastrider.jpg
979,灰毛,野兽,商人,247;348;124,http://img.db.178.com/wow/icons/m/ability_mount_polarbear_black.jpg
980,伊西德勒斯,禽畜,未知来源,119,http://img.db.178.com/wow/icons/m/inv_pet_cockroach.jpg
981,灰尾巴,野兽,未知来源,253,http://img.db.178.com/wow/icons/m/trade_archaeology_trolllizardfootcharm.jpg
982,卡利,魔法,未知来源,463,http://img.db.178.com/wow/icons/m/spell_nature_wispsplode.jpg
983,脆脆,元素,掉落,484,http://img.db.178.com/wow/icons/m/inv_misc_archstone_01.jpg
984,克里斯塔勒斯,禽畜,未知来源,155,http://img.db.178.com/wow/icons/m/inv_inscription_pigment_bug04.jpg
985,露比,元素,未知来源,263,http://img.db.178.com/wow/icons/m/inv_misc_qirajicrystal_02.jpg
986,赫利俄斯,野兽,未知来源,383,http://img.db.178.com/wow/icons/m/ability_hunter_pet_spider.jpg
987,阿米瑟尔,魔法,未知来源,655,http://img.db.178.com/wow/icons/m/spell_shadow_shadowfiend.jpg
988,暮光,元素,未知来源,792,http://img.db.178.com/wow/icons/m/inv_misc_darkphoenixpet_01.jpg
989,咔哒,禽畜,未知来源,155,http://img.db.178.com/wow/icons/m/inv_scarab_stone.jpg
990,春水蛾,飞行,未知来源,420,http://img.db.178.com/wow/icons/m/ability_hunter_pet_moth.jpg
991,匹兹,野兽,未知来源,156,http://img.db.178.com/wow/icons/m/ability_hunter_snaketrap.jpg
992,铁壁龟,水生,未知来源,310;376;123,http://img.db.178.com/wow/icons/m/inv_misc_fish_turtle_02.jpg
993,方戈,野兽,未知来源,155;156;159,http://img.db.178.com/wow/icons/m/ability_hunter_snaketrap.jpg
994,塑风者,飞行,宠物对战,632;420;270,http://img.db.178.com/wow/icons/m/ability_hunter_pet_wasp.jpg
995,魔丝兰的子嗣,野兽,宠物对战,369,http://img.db.178.com/wow/icons/m/inv_pet_maggot.jpg
996,崩牙者,元素,掉落,745,http://img.db.178.com/wow/icons/m/inv_pet_turnippet.jpg
997,塞壬,元素,任务,268,http://img.db.178.com/wow/icons/m/inv_misc_flower_02.jpg
998,雕木者,野兽,未知来源,369,http://img.db.178.com/wow/icons/m/inv_pet_maggot.jpg
999,针背龟,水生,宠物对战,376;249;566,http://img.db.178.com/wow/icons/m/ability_mount_pandaranmountepicblack.jpg
1000,光之行者,飞行,宠物对战,507;508,http://img.db.178.com/wow/icons/m/ability_hunter_pet_moth.jpg
1001,咩咩,野兽,宠物对战,539,http://img.db.178.com/wow/icons/m/inv_misc_monsterhorn_02.jpg
1002,兔兔,禽畜,宠物对战,162,http://img.db.178.com/wow/icons/m/inv_misc_rabbit.jpg
1003,皮拳,飞行,宠物对战,524,http://img.db.178.com/wow/icons/m/inv_thanksgiving_turkey.jpg
1004,掠影者,水生,掉落,497,http://img.db.178.com/wow/icons/m/inv_misc_flute_01.jpg
1005,莫乐斯,禽畜,宠物对战,369,http://img.db.178.com/wow/icons/m/trade_archaeology_fossil_snailshell.jpg
1006,金刚钻,元素,世界活动,416,http://img.db.178.com/wow/icons/m/spell_frost_frozencore.jpg
1007,损毁者,野兽,宠物对战,315,http://img.db.178.com/wow/icons/m/inv_pet_porcupine.jpg
1008,磨杵,元素,掉落,453,http://img.db.178.com/wow/icons/m/inv_misc_reforgedarchstone_01.jpg
1009,碎石蟹,水生,宠物对战,511,http://img.db.178.com/wow/icons/m/ability_hunter_pet_crab.jpg
1010,晶须猫,水生,宠物对战,509,http://img.db.178.com/wow/icons/m/inv_pet_otter.jpg
1011,鞭风者,龙类,宠物对战,204,http://img.db.178.com/wow/icons/m/inv_pet_babycloudserpent_gold.jpg
1012,唧唧,禽畜,宠物对战,706,http://img.db.178.com/wow/icons/m/inv_pet_cricket.jpg
1042,红色蟋蟀,禽畜,任务,626;706;573;357;506;298,http://img.db.178.com/wow/icons/m/inv_pet_cricket.jpg
1013,云游节幼龟,水生,宠物对战,110;310;297;249;576;230,http://img.db.178.com/wow/icons/m/ability_mount_pandaranmountblack.jpg
