"blz_id,","title_cn,","categoty,","hite_rate,","cd,","description,","sum"
7,"亚历山大之手","Flying",100,,"冲向敌人，对其造成伤害。",1
110,"撕咬","Beast",100,,"猛咬敌人，造成20点野兽伤害。",90
111,"重拳","Humanoid",100,,"用双拳猛击敌人，造成20点人形伤害。",20
112,"啄击","Flying",100,,"用尖喙戳刺敌人，造成20点飞行伤害。",32
113,"燃烧","Elemental",100,,"用烈焰爆破灼烧敌人，造成20点元素伤害。",28
114,"射线","Magic",100,,"用奥术力量射线冲击敌人，造成20点魔法伤害。",9
115,"吐息","Dragonkin",100,,"用龙之吐息席卷敌人，造成20点龙类伤害。",26
116,"震击","Mechanical",100,,"朝目标射出电能箭，造成20点Mechanical伤害。",5
117,"染疫之爪","Undead",100,,"用疫病之爪撕扯敌人，造成20点亡灵伤害。",4
118,"水流喷射","Aquatic",100,,"用水流冲击敌人，造成20点水生伤害。",36
119,"抓挠","Critter",100,,"抓挠敌人，造成20点禽畜伤害。",85
120,"凛风冲击","Elemental",100,3,"对敌人造成15点元素伤害。
如果目标被冰冻则对敌人的队伍造成额外5点伤害。",4
121,"死亡缠绕","Undead",100,1,"造成10点亡灵伤害，并为使用者回复相当于所造成伤害100%的生命值。",2
122,"扫尾","Dragonkin",100,,"造成16点龙类伤害。
如果使用者最后攻击，则可造成8点额外伤害。",18
123,"治疗波","Aquatic",100,3,"为使用者回复30点生命值。",37
124,"狂暴","Beast",100,3,"进入狂暴状态，造成25点野兽伤害。
狂暴可持续3轮。",16
152,"剧毒长牙","Beast",100,,"立即造成10点野兽伤害，并于每轮造成额外3点元素伤害，持续5轮。",50
155,"嘶鸣","Beast",100,,"造成10点野兽伤害，并使目标的速度降低25%，持续4轮。",51
156,"毒牙","Beast",100,,"造成15点野兽伤害。每击中一次伤害提高FormatDamage(5)点。最高可造成FormatDamage(25)点野兽伤害。
如果目标中毒，则总能造成最高伤害。",24
158,"反击","Humanoid",100,3,"造成20点人形伤害。
如果你在本轮被击中，则造成额外10点人形伤害。",35
159,"钻地","Beast",80,4,"钻入地下，在1轮内不可攻击。
在下一中，你发动攻击，造成30点野兽伤害。",54
160,"吞噬","Undead",100,1,"造成10点亡灵伤害。
为使用者回复相当于所造成伤害100%的生命值。",15
162,"激素刺激","Critter",100,,"造成10点禽畜伤害，并使你的速度提高abs(abilityStateMod(25,161))%，持续3轮。",70
163,"奔踏","Critter",100,,"开始奔踏，造成FormatDamage(SimpleDamage(1,1)+SimpleDamage(1,2)+SimpleDamage(1,3))点禽畜伤害。
被奔踏击中的对手会在2轮内受到双倍伤害。
奔踏可持续3轮。",60
165,"蜷伏","Critter",100,4,"使用者压低身子紧贴地面，使受到的所有伤害降低50%，持续2轮。",29
167,"坚果弹幕","Critter",80,3,"朝敌人投掷坚果，造成FormatDamage(SimpleDamage(1,1)+SimpleDamage(1,2)+SimpleDamage(1,3))点禽畜伤害。
坚果会继续砸向敌人的队伍，每轮造成3点禽畜伤害，持续3轮。",5
168,"愈体之焰","Dragonkin",100,3,"回复20点生命值，外加相当于使用者从上次攻击中受到一半伤害的生命值。",4
169,"深呼吸","Dragonkin",100,,"利用1轮进行深呼吸。
使用者会在下一发出毁灭性的吐息攻击，造成50点龙类伤害。",6
170,"离地升空","Flying",80,4,"向上高飞，在1轮内无法攻击。
在下一，你发动攻击，造成30点飞行伤害。",38
172,"灼燃大地","Dragonkin",100,3,"烧灼大地，造成15点龙类伤害，并且每轮对所有激活的宠物造成4点龙类伤害，持续9轮。
在灼燃大地的持续时间内，所有宠物都被视作正在燃烧。",12
173,"灸灼","Elemental",100,3,"回复20点生命值，外加相当于使用者从上次攻击中受到一半伤害的生命值。",6
176,"火山","Elemental",100,5,"使敌人队伍脚下的大地震颤。
在2轮过后，地面爆裂，使当前敌人宠物受到20点元素伤害，持续2轮，并有50%的几率在接下来的1轮中陷入昏迷。",1
178,"献祭","Elemental",100,,"立即造成10点元素伤害。并于每轮造成额外5点元素伤害，持续2轮。",11
179,"焚烧","Elemental",100,4,"造成20点元素伤害。
如果目标已经在燃烧则可造成双倍伤害。",11
184,"飞羽","Flying",50,,"朝敌人掷出1-2根飞羽，每一击造成10点飞行伤害。
如果使用者率先攻击，则可额外攻击1次。",13
186,"鲁莽之击","Flying",100,,"造成30点飞行伤害，但会使你在1个内受到的伤害提高25%。",8
188,"精准","Flying",100,,"使你的命中几率提高25%，持续4轮。",2
190,"飓风","Flying",100,5,"生成旋风，每轮有25%的几率对敌人的队伍造成5点飞行伤害。
持续5轮。",36
193,"侧击","Critter",50,,"侧击敌人1-2次，每一击造成10点禽畜伤害。
如果使用者率先攻击，则可额外攻击一次。",37
194,"代谢增速","Magic",100,,"立即造成15点魔法伤害，并使你的速度提高100%，持续1轮。",1
197,"肾上腺","Magic",100,,"使你的爆击几率提高50%，精准降低25%，持续4轮。",3
198,"跳虫冲刺","Magic",100,,"开始跳虫冲刺，造成FormatDamage(SimpleDamage(1,1)+SimpleDamage(1,2)+SimpleDamage(1,3))点魔法伤害。
被冲刺击中的对手会在2轮内受到双倍伤害。
跳虫冲刺可持续3轮。",1
202,"痛击","Beast",50,,"疯狂打击敌人1-2次，每一击造成10点野兽伤害。
如果使用者率先攻击，则可额外攻击1次。",33
204,"召唤闪电","Mechanical",100,3,"造成15点Mechanical伤害并引发闪电风暴，持续9轮。
在闪电风暴期间，所有宠物每次攻击可造成额外错误数据,1,203)点Mechanical伤害，且Mechanical技能可造成额外25%的伤害。",8
206,"召唤暴风雪","Elemental",100,3,"造成15点元素伤害并引起暴风雪。
在暴风雪期间，所有宠物都被视作被冰冻。",8
208,"增压","Mechanical",100,3,"使你下一次攻击的伤害提高150%。",5
209,"离子炮","Mechanical",100,5,"立即造成50点Mechanical伤害。随后，使用者必须重新充能2轮。
在充能过程中，你无法做出任何其它动作。",2
210,"暗影鞭笞","Undead",100,,"用黑暗能量鞭笞目标，造成20点亡灵伤害。",11
212,"生命虹吸","Undead",100,,"在4轮内造成5点亡灵伤害。为使用者回复相当于所造成伤害100%的生命值。",6
214,"枯萎凋零","Undead",100,,"每轮对敌人的激活宠物造成3点亡灵伤害，持续9轮。更换宠物后效果仍然存在。",7
216,"内心视野","Magic",100,1,"使你下一次攻击的伤害提高100%。",1
218,"厄运诅咒","Undead",100,,"在5个后，造成40点亡灵伤害。",6
219,"贯日突","Humanoid",100,,"使出长拳猛击敌人，造成20点人形伤害。",2
221,"打倒","Humanoid",100,3,"打倒敌人，造成20点人形伤害。
如果目标昏迷则造成双倍伤害。",2
223,"聚气","Humanoid",100,1,"使你下一次攻击造成的伤害提高100%。",1
225,"迷离步法","Humanoid",100,4,"使用者对攻击不屑一顾，受到的所有伤害降低50%，持续2个。",1
226,"千拳怒雷破","Humanoid",100,3,"造成30点人形伤害，并有25%的几率使目标昏迷1个。
如果目标被致盲，则昏迷几率变成100%。",1
227,"幻灭踢","Humanoid",100,5,"使目标昏迷1轮。",2
228,"毒舌鞭笞","Critter",50,,"舔舐敌人1-2次，每一击造成10点禽畜伤害。
如果使用者率先攻击，则可额外攻击1次。",26
230,"净化之雨","Aquatic",100,3,"为你的队伍回复5点生命值，并降下净化之雨，持续9轮。
在净化之雨持续期间，有害的持续伤害法术存在的时间缩短1轮且水栖宠物可造成额外25%的伤害。",25
232,"蝇群","Critter",100,,"一大群苍蝇攻击敌人的队伍，每轮造成4点野兽伤害，持续5轮。更换宠物后效果仍然存在。",16
233,"青蛙的吻","Aquatic",100,,"造成10点水生伤害，且有25%的几率把目标变成青蛙，持续1轮。
每击中1次，伤害即可提高5点。最多可造成30点水生伤害。",19
247,"休眠","Beast",100,5,"进入睡眠状态，首回复10点生命值，第二回复20点生命值，第三回复40点生命值。
处于休眠状态时，你不能切换宠物。",8
249,"抓握","Aquatic",100,,"抓住目标，造成15点水生伤害。
目标在2轮内无法被切换。",8
250,"幼蛛群袭","Beast",100,2,"用小蜘蛛席卷敌人，造成FormatDamage(SimpleDamage(1,1)*2)点野兽伤害。
如果目标被网住，则造成双倍伤害。",16
252,"离奇好运","Critter",100,,"使你队伍的精准提高50%，爆击几率提高25%，持续4轮。更换宠物后效果仍然存在。",5
253,"卷土重来","Critter",100,,"造成15点禽畜伤害。
如果使用者的生命值低于目标的生命值，则可造成额外10点伤害。",41
254,"宁静","Critter",100,,"使区域内充满宁静的气氛，每轮为你的激活宠物回复5点生命值。
持续4轮。更换宠物后效果仍然存在。",9
256,"召唤黑暗","Humanoid",100,5,"战场被阴影笼罩，造成15点人形伤害，并将天气转为黑暗，持续9轮。
在黑暗期间，所有宠物都被视作被致盲且受到的所有治疗效果降低abs(abilityStateMod(66,257))%。",9
258,"星辰坠落","Dragonkin",100,5,"对所有敌人宠物造成5点龙类伤害，为所有同伴回复5点生命值，并将天气转为月光，持续9个。
在月光期间，所有宠物可获得额外25%的治疗效果，魔法技能可造成额外25%的伤害。",1
263,"水晶过载","Elemental",100,1,"你的下一次攻击可造成双倍伤害，但会对你自身造成FormatDamage(SimpleDamage(1,1,262)+SimpleDamage(1,1,262))点元素伤害。",3
268,"光合作用","Elemental",100,5,"每回复5点生命值。持续4个。
在晴天可达到双倍效果。",6
270,"炽热毒素","Flying",100,,"每轮造成相当于目标最大生命值6%的伤害。
持续3轮。",5
273,"祈愿","Magic",100,5,"下一，将为你的激活宠物回复50%的生命值。",3
276,"囫囵吞食","Aquatic",100,,"造成20点水生伤害。
如果目标的生命值低于25%，则可造成双倍伤害。",1
277,"生命交换","Magic",100,5,"让使用者和他的敌人均分生命值。",3
278,"修复","Mechanical",100,5,"进入修复模式，在2个之内不会做出任何动作，以对机体进行大修。",11
279,"心碎","Mechanical",100,2,"你将在下一中受到50%的额外伤害。如果受伤，你将造成额外100%的伤害，持续1轮。",2
282,"自爆","Mechanical",100,,"立即杀死施法者，对当前敌人造成相当于使用者总生命值40%的伤害。
使用自爆将阻止施法者启动意外防护机制。",4
283,"生存","Critter",100,3,"你经受住下一次攻击，你的生命值不会降至1点以下。",67
293,"发射火箭","Mechanical",100,,"首次使用：制造火箭。
再次使用：发射火箭，造成45点Mechanical伤害。",6
297,"抽水","Aquatic",100,,"首次使用：使你造成的伤害提高10%。
再次使用：用喷薄而出的水流冲击目标，造成40点水生伤害。",10
298,"振奋之歌","Elemental",100,3,"唱出一首振奋人心的歌曲，为所有同伴回复10点生命值。",7
299,"魔爆术","Magic",100,,"造成10点魔法伤害，对敌人的后排宠物造成一半的伤害。",4
301,"锁定打击","Mechanical",100,,"首次使用：锁定目标。
再次使用：用飞弹轰击目标，造成50点Mechanical伤害。",2
303,"种植","Elemental",70,,"启用：将根茎种进大地，吸收养分。在种植状态下，你不能切换宠物。
停用：种植每持续1轮，你即可获得10点生命值。",4
305,"伤口外露","Beast",100,,"对目标造成的每次攻击，伤害提高5点。
持续5个。",9
307,"脚踢","Humanoid",100,3,"造成10点人形伤害，并打断多攻击。",1
310,"甲壳护盾","Beast",100,,"使你从每次攻击中受到的伤害最多降低5点。
持续5轮。",31
312,"躲闪","Humanoid",100,4,"使你躲闪攻击的几率提高100%。
持续1轮。",15
315,"尖刺体肤","Dragonkin",100,,"使你从每次攻击中受到的伤害最多降低2点，并当你每次被击中时，造成2点龙类伤害。
持续5轮。",7
318,"荆棘术","Elemental",100,,"每当你被击中，则可造成5点元素伤害。
持续5轮。",6
319,"熔岩波","Elemental",100,,"对敌人的宠物造成5点元素伤害。
摧毁由双方队伍制造出的物体。",3
321,"邪恶飞升","Undead",100,,"牺牲你剩余的生命值，纠缠敌人的队伍，使其受到的所有伤害提高50%，持续9个。",1
323,"引力","Magic",100,1,"将目标撞向地面，造成25点魔法伤害。
如果对同一个目标再次使用，则目标会浮空，在2个内无法逃跑。",4
330,"烈焰之子","Elemental",100,8,"没入烈焰，在2轮内无法攻击。在此期间，烈焰之子会攻击对手，每造成5点元素伤害。",1
334,"诱饵","Mechanical",100,5,"生成一个木质诱饵，保护你的队伍躲过2次攻击。",2
339,"粘性之网","Beast",100,,"朝目标抛出粘性之网，造成15点野兽伤害，并使其在2轮内无法逃跑。",22
345,"重殴","Beast",100,3,"残忍地重殴敌人，造成20点野兽伤害。
如果目标正在流血则造成双倍伤害。",9
347,"咆哮","Beast",100,,"一声凶猛咆哮，造成10点野兽伤害，并激怒使用者，使其造成的伤害提高25%，持续3轮。",25
348,"猛击","Beast",100,5,"使目标昏迷1轮。",9
349,"撞击","Beast",100,,"撞击敌人，造成20点野兽伤害。",8
350,"痛殴","Humanoid",100,5,"使目标昏迷1轮。",10
352,"香蕉弹幕","Beast",50,3,"朝敌人投掷香蕉，造成FormatDamage(SimpleDamage(1,1)+SimpleDamage(1,2)+SimpleDamage(1,3)+SimpleDamage(1,4))点野兽伤害。
香蕉会继续砸向敌人的队伍，每轮造成3点野兽伤害，持续2轮。",3
354,"掷桶","Mechanical",100,,"首次使用：装满一只桶。
再次使用：掷出这只桶，造成40点Mechanical伤害。",3
355,"三连击","Beast",33,,"疯狂打击敌人1-3次，每一击造成10点野兽伤害。",16
356,"猛咬","Beast",100,,"猛咬敌人，造成20点野兽伤害。",15
357,"尖啸","Beast",100,,"惊吓目标，造成10点野兽伤害，并使其速度降低abs(abilityStateMod(25,154))%，持续4轮。",62
359,"钉刺","Beast",100,,"每轮造成6点野兽伤害，持续4轮。",9
360,"乱舞","Critter",50,,"疾速攻击敌人1-2次，每一击造成10点禽畜伤害。
如果使用者率先攻击，则可额外攻击1次。",48
362,"嚎叫","Beast",100,2,"一声遥远的嚎叫使目标受到惊吓，受到的伤害提高100%，持续1轮。",7
364,"跳跃","Beast",100,,"立即造成15点野兽伤害，并使你的速度提高100%，持续1轮。",31
366,"缭乱之舞","Critter",100,,"使你队伍的速度提高50%，持续9轮。",6
367,"噬咬","Critter",100,,"噬咬敌人，造成20点禽畜伤害。",14
369,"酸蚀粘液","Critter",100,,"朝目标喷吐酸蚀粘液，每轮造成5点禽畜伤害，并使受到的伤害提高25%，持续3轮。",22
371,"粘液覆体","Elemental",100,,"朝目标掷出黏性物质，造成10点元素伤害，并使其在5个内无法逃跑。",9
375,"鼓动之击","Beast",100,,"激怒使用者，使其攻击并造成10点野兽伤害，且造成的伤害提高25%，持续3轮。",4
376,"迎头冲撞","Beast",25,3,"造成30点野兽伤害，并有25%的几率使目标昏迷。",31
377,"践踏","Beast",100,,"践踏目标，造成10点野兽伤害，外加相当于目标生命值10%的额外伤害。",8
378,"打击","Beast",100,,"打击敌人，造成20点野兽伤害。",20
380,"毒液喷吐","Beast",100,,"立即造成10点野兽伤害，并于每轮造成额外3点元素伤害，持续4轮。",25
382,"尖网","Beast",100,,"造成10点野兽伤害，并用尖网罩住目标，使其每次攻击都会受到5点野兽伤害。持续3轮。",17
383,"汲取生命","Undead",100,1,"造成10点亡灵伤害。
为使用者回复10点生命值。如果目标被网住，则效果翻倍。",26
384,"铁拳","Mechanical",100,,"击打目标，造成20点Mechanical伤害。",9
386,"XE-321爆破机器人","Mechanical",100,,"生成一个爆破机器人，在3个后爆炸，造成30点Mechanical伤害。",2
387,"发脾气","Mechanical",100,3,"重击地面，对敌人造成FormatDamage(SimpleDamage(1,1)*2)点Mechanical伤害，并对他们的后排宠物造成一半伤害。
发脾气持续3轮，并可影响地下的敌人。",2
389,"超频","Mechanical",100,,"使用者的中央能量核心被过量调谐，造成10点Mechanical伤害，并令使用者的速度提高100%，持续2个。",9
390,"毁坏","Mechanical",50,,"猛击目标，造成40点Mechanical伤害。
该技能有很高的未命中几率。",3
392,"特别护甲","Mechanical",100,4,"使用者装备了额外的护甲，使受到的所有伤害降低50%，持续2个。",8
393,"暗影烈焰","Dragonkin",100,,"用龙之吐息席卷敌人，造成20点龙类伤害。",5
394,"鞭笞","Elemental",50,,"鞭笞敌人1-2次，每一击造成10点元素伤害。
如果使用者率先攻击，则可额外攻击1次。",9
396,"抚慰之雾","Elemental",100,,"每轮为你的激活宠物回复5点生命值，持续4轮。更换宠物后效果仍然存在。",3
398,"剧毒鞭笞","Elemental",100,,"立即造成10点元素伤害，并于每轮造成额外3点元素伤害，持续4轮。",7
400,"纠缠根须","Elemental",100,3,"使敌人的队伍周围长出茂密的藤蔓。
在下一中，对手的宠物将受到错误数据,1,399)点元素伤害，并被定身，持续错误数据,2,399)轮。",9
402,"昏晕之种","Elemental",100,5,"在敌人体内植入一颗种子。
在3轮过后，种子生长，使敌人受到40点元素伤害，并昏迷1轮。",4
404,"太阳光","Elemental",100,5,"一道烈日光束击向敌人，造成5点元素伤害，并将天气变成晴天，持续9轮。
在晴天，所有宠物的最大生命值都会提高abs(abilityStateMod(99,403))%，且造成的治疗效果提高abs(abilityStateMod(65,403))%。",4
405,"先发优势","Elemental",100,4,"造成20点元素伤害。
如果使用者的生命值较低，则可造成双倍伤害。",1
406,"粉碎","Humanoid",100,,"粉碎敌人，造成20点人形伤害。",6
407,"流星打击","Magic",80,4,"升上高空，在1个内无法攻击。
在下一，你发动攻击，造成30点魔法伤害。",1
409,"自燃","Elemental",100,,"点燃施法者，使其于每轮对当前敌人宠物造成2点元素伤害。持续9轮。",5
411,"刨花","Beast",100,,"立即造成10点野兽伤害，并于每轮造成额外3点野兽伤害，持续4轮。",7
412,"啮咬","Beast",100,,"造成16点野兽伤害，如果使用者率先攻击，则造成额外8点伤害。",10
413,"冰枪术","Elemental",100,,"用冰冻伤害袭击敌人，造成15点元素伤害。
如果目标被冰冻则造成额外10点伤害。",7
414,"冰霜新星","Elemental",100,3,"造成20点元素伤害，并使目标在2个内无法逃跑。
目标在定身状态下被冰冻。",6
416,"冰霜震击","Elemental",100,,"冰冻目标，造成10点元素伤害，并使其速度降低25%，持续4个。",4
418,"喷泉","Elemental",100,5,"在敌人的队伍下方形成水柱。
喷泉在3轮过后喷涌而出，使当前敌人宠物受到20点元素伤害，并昏迷1轮。",2
419,"潮汐之波","Aquatic",100,,"对敌人的宠物造成5点水生伤害。
摧毁由双方队伍制造出的物体。",5
420,"切削之风","Flying",33,,"用1-3把风刃攻击敌人，每一击造成10点飞行伤害。",68
421,"奥术冲击","Magic",100,,"用喷薄而出的奥术力量震击敌人，造成15点魔法伤害。
每击中1次，伤害即可提高5点。最多可造成30点魔法伤害。",9
422,"暗影震击","Undead",100,,"用黑暗能量震击目标，造成20点亡灵伤害。",4
423,"沐血","Aquatic",50,3,"造成40点水生伤害，但有很高的未命中几率。
如果目标正在流血，则一定能够命中。",5
424,"甩尾拍击","Aquatic",80,,"用尾巴拍击敌人，造成25点水生伤害。
有高于平均水平的未命中几率。",2
426,"专注","Humanoid",100,,"高度专注，使你的命中几率提高100%，持续3轮。",2
429,"爪击","Beast",100,,"猛抓敌人，造成20点野兽伤害。",40
431,"玉肤术","Magic",100,,"使你从每次攻击中受到的伤害最多降低5点。
持续5个。",3
432,"玉爪","Magic",100,,"用玉爪抓挠敌人，造成20点魔法伤害。",2
436,"石肤术","Magic",100,,"使你从每次攻击中受到的伤害最多降低5点。
持续5轮。",8
437,"玛瑙之咬","Magic",100,,"用玛瑙利齿猛咬敌人，造成20点魔法伤害。",4
440,"隐没","Magic",100,4,"遁入一团迷雾之中，使你的躲闪几率提高100%。
持续1个。",3
441,"撕裂","Beast",50,,"鞭笞敌人1-2次，每一击造成10点野兽伤害。
如果使用者率先攻击，则可额外攻击1次。",2
442,"幽灵打击","Magic",50,3,"用幽灵兽的力量打击敌人，造成40点魔法伤害。 
该技能有很高的未命中几率，但如果目标被致盲，则总能命中。",2
445,"软泥之触","Magic",100,,"使敌人沾上软泥，造成20点魔法伤害。",11
447,"腐蚀","Magic",100,,"将腐蚀酸液泼在目标身上，造成10点魔法伤害，并使受到的伤害提高5点，持续2轮。",4
448,"蠕行软泥","Aquatic",100,,"用逐渐扩大的软泥覆盖目标，造成10点水生伤害。此外每额外造成5点伤害，持续2个。",5
449,"吸收","Undead",100,1,"造成10点亡灵伤害。
为使用者恢复相当于所造成伤害100%的生命值。",10
450,"净除","Magic",80,3,"对目标造成30点魔法伤害。
该技能有中等程度的未命中几率。",4
452,"扫击","Humanoid",100,,"重击敌人，造成20点人形伤害。",1
453,"沙尘暴","Flying",100,3,"造成15点飞行伤害，并将天气转为沙尘暴。
在沙尘暴期间，所有宠物受到的伤害降低5点，且精准降低10%。",8
455,"猛击","Mechanical",50,,"拍击敌人1-2下，每1击造成10点Mechanical伤害。
如果使用者率先攻击，则可额外攻击1次。",12
456,"清扫","Magic",80,3,"造成30点魔法伤害，并移除战场上的所有对象。",1
457,"横扫","Magic",100,5,"将敌人横扫出战场。
被逐出的敌人在2轮内无法返回。",1
459,"旋紧发条","Mechanical",100,,"首次使用：使你造成的伤害提高10%。
再次使用：发起一连串攻击，造成40点Mechanical伤害。",5
460,"照亮","Magic",100,5,"造成15点魔法伤害，并将天气变为晴天，持续9轮。
在晴天，所有宠物的最大生命值都会提高abs(abilityStateMod(99,403))%，且造成的治疗效果提高abs(abilityStateMod(65,403))%。",3
461,"朗照","Magic",100,3,"用强光笼罩敌人，造成20点魔法伤害。
如果目标被致盲，则造成双倍伤害。",4
463,"闪光","Magic",100,3,"一道眩目闪光，造成10点魔法伤害，并使目标暂时失明，使其精准降低100%，持续2轮。",5
468,"痛苦","Undead",100,,"使目标遭受痛苦，每造成的亡灵伤害提高，持续2个。",7
471,"虚弱","Magic",100,1,"造成10点魔法伤害，并使目标的速度和所造成的伤害都降低50%，持续1轮。",2
472,"憎恨冲击","Magic",100,,"造成15点魔法伤害。
如果你在这个中先受到攻击，则可造成额外10点伤害。",2
473,"汇聚射线","Magic",100,,"用奥术力量射线冲击敌人，造成15点魔法伤害。
每次命中伤害都会提高5点。最多可造成25点魔法伤害。",2
474,"打断凝视","Humanoid",100,3,"造成10点人形伤害，并可打断多攻击。",2
475,"爆目","Magic",100,,"造成10点魔法伤害，并降低目标的速度，持续4个。",2
476,"黑暗模拟","Undead",100,,"cond(isInBattle(),cond((unitState(119)==0),""观察对手的下一个技能。"",""使用储备技能。""),""首次使用：|n观察对手的下一个技能。|n|n再次使用：|n使用储备技能。"")cond(isInBattle(),cond((unitState(119)>0),""|n|n冷却时间：""..max(maxCooldown(unitState(119))or0,3)..""轮"",""""),"""")",8
477,"雪球","Elemental",100,,"用一发雪球攻击敌人，造成20点元素伤害。",3
478,"魔法帽子","Magic",100,,"朝敌人掷出他的帽子，造成20点魔法伤害。",1
481,"深度冻结","Elemental",100,3,"造成30点元素伤害，并有25%的几率使目标昏迷1轮。
如果目标被冰冻，则昏迷概率变成100%。",1
482,"激光","Magic",100,,"用奥术能量激光冲击敌人，造成18点魔法伤害。
激光有100%的命中几率。",2
483,"心灵冲击","Magic",100,,"控制目标的心智，造成15点魔法伤害。
如果是奥术风暴天气，则可造成双倍伤害。",1
484,"回馈","Magic",100,,"朝敌人发起法力激涌，造成20点魔法伤害。",6
486,"吸取能量","Magic",100,4,"造成10点魔法伤害，使目标的伤害降低25%，持续2轮；使用者的伤害提高25%，持续2轮。",3
488,"魔法增效","Magic",100,3,"使你队伍造成的伤害提高50%，持续2个。",5
489,"法力澎湃","Magic",80,3,"造成30点魔法伤害。在奥术风暴期间伤害提高。
法力澎湃持续3轮。
在法力澎湃效果结束之前，你不能切换宠物或作出任何其它动作。",2
490,"反射","Humanoid",100,5,"你对手的下一个技能无法命中你，反而由你发起攻击。",4
492,"斜掠","Beast",100,2,"造成15点野兽伤害，并使目标下一次攻击造成的伤害降低50%。",31
493,"重蹄","Critter",100,,"重踩敌人，造成20点禽畜伤害。",22
497,"安抚","Critter",100,4,"对着目标歌唱，使其变得昏昏欲睡。
困倦的目标会在下一轮结束时进入睡眠状态，除非被击中。",11
499,"疾病之咬","Undead",100,,"感染敌人，造成20点亡灵伤害。",10
501,"烈焰吐息","Dragonkin",100,,"立即造成10点龙类伤害。每造成额外5点龙类伤害，持续2个。",10
503,"烈焰喷射","Elemental",100,3,"把战场变为熊熊燃烧的炼狱，造成15点元素伤害。
火焰持续灼烧敌人的队伍，每造成3点元素伤害，持续2个。",9
504,"阿尔法打击","Flying",100,,"造成16点飞行伤害。
如果使用者率先攻击，则可造成额外8点伤害。",19
506,"茧缚之击","Flying",100,4,"造成10点飞行伤害，并使你的格挡几率提高100%。
持续1轮。",26
507,"蛾害之球","Flying",50,,"把一连串恶臭信息素投向目标，每一发最多造成10点飞行伤害，并使目标的速度降低25%，持续3轮。
该技能有很高的未命中几率。",18
508,"飞蛾之尘","Flying",50,3,"造成30点飞行伤害，并有25%的几率使目标昏睡1轮。
该技能有中等程度的未命中几率。",17
509,"汹涌","Aquatic",100,,"驾驭水流冲向敌人，造成15点水生伤害。
这个招式总能取得先手。",29
511,"复苏之雾","Aquatic",100,,"使区域内充满治疗之雾，每轮为你的前排宠物恢复5点生命值。
持续4轮。更换宠物后效果仍然存在。",8
513,"湍流旋涡","Aquatic",100,3,"在敌人的队伍下方生成湍流旋涡。
在2个内，对手的宠物会受到30点水生伤害，并被定身2个。",13
514,"狂风","Flying",100,,"一阵凛冽的狂风，造成15点飞行伤害，且敌人的队伍每受到4点飞行伤害，持续4轮。更换宠物后效果仍然存在。",2
515,"飞越","Flying",100,,"造成10点飞行伤害，并使目标受到的伤害提高25%，持续4个。",5
517,"夜斩","Flying",50,3,"造成40点飞行伤害。该技能有很高的未命中几率。
如果目标被致盲，则一定能够命中。",11
518,"掠食之击","Flying",100,4,"造成20点飞行伤害。如果目标的生命值低于25%，则会被立即杀死。",6
519,"天启","Critter",100,20,"召唤一颗陨星，从现在起15轮后坠落，立即杀死所有激活宠物。
蟑螂总是能避开此类攻击。",26
521,"鹰眼","Flying",100,,"使你的爆击几率提高25%，持续4个。",22
522,"到此为止","Flying",100,20,"你对手的下一个技能将变得无法使用，持续5个。",1
524,"尖鸣","Flying",100,2,"发出一声洪亮的尖鸣，造成10点飞行伤害，并使目标造成的伤害降低25%，持续3轮。",14
525,"翡翠之咬","Magic",100,,"用翡翠利齿猛咬敌人，造成20点魔法伤害。",3
527,"恶臭","Critter",100,,"使敌人队伍的精准降低25%，持续4个。",4
528,"冰霜喷吐","Elemental",100,,"朝目标喷吐寒冰，造成20点元素伤害。",3
529,"腹部滑行","Flying",100,,"造成40点飞行伤害。该技能有很高的未命中几率。
如果是暴风雪天气，该攻击会取得先手。",3
533,"重建","Elemental",100,3,"重建自己和任何Mechanical同伴，回复12点生命值。",3
535,"突袭","Beast",100,,"突袭敌人，造成16点野兽伤害，如果使用者率先攻击，则额外造成8点野兽伤害。",20
536,"潜行","Beast",100,5,"使你的速度降低30%，并使你下一次攻击的伤害提高150%。",21
538,"吞食","Beast",100,1,"造成15点野兽伤害。
如果使用者用吞食杀死敌人，则可回复30点生命值。
吞食可持续2轮。",35
539,"引吭","Critter",100,5,"唱出一首振奋人心的歌曲，为所有同伴回复15点生命值。",17
541,"咀嚼","Critter",100,1,"耐心地咀嚼青草。在下一轮中，你的下一次攻击将额外造成50点禽畜伤害。",7
563,"迅捷出击","Critter",100,,"造成15点禽畜伤害。
该技能总能取得先手。",8
564,"潜水","Aquatic",80,4,"下潜，在1轮内无法攻击。
在下一中，你发动攻击，造成30点水生伤害。",13
566,"强力球","Critter",100,,"滚向敌人，造成15点禽畜伤害，并使你的速度提高statechange(1,2)%。
你每使用一次强力球，你的速度即可持续得到提高。",20
567,"突进","Beast",100,,"冲向敌人，造成15点野兽伤害，并令使用者在下一中率先攻击。",2
568,"假死","Beast",100,5,"使用者假死，躲避对手的攻击。然后使用者会自动切换至生命值最高的宠物。",4
569,"水晶牢笼","Beast",100,5,"把目标封印在水晶里，使其昏迷1轮。",2
571,"角击","Beast",50,1,"造成15点野兽伤害。
如果使用者比目标快，则其有50%的几率被践踏，并失去自己的。",4
572,"泥石流","Critter",100,3,"召唤泥石流，造成20点禽畜伤害，并引发污浊天气，持续9轮。
污浊天气会阻止战场上的任何宠物被切换出阵。",1
573,"自然之触","Critter",100,3,"为使用者回复30点生命值。",4
574,"自然守护","Elemental",100,,"每轮回复5点生命值，持续4轮。
在治疗时，你的类型被转换为元素。",7
575,"光滑冰面","Elemental",100,,"射出一道速冻寒冰，造成10点元素伤害，并令敌人附近的地面被寒冰覆盖。
冰冻地面会使敌人队伍成员滑倒和未命中的几率提高20%。持续4轮。更换宠物后效果仍然存在。",4
576,"振作精神","Critter",100,3,"回复20点生命值，并且每个等级使你队伍的最大生命值提高5点，持续9轮。",7
578,"宝藏","Critter",100,3,"挖出一根骨头，最多治疗相当于你自身生命值的percentage(1,1)%。",7
579,"急攫猛击","Critter",100,,"造成10点禽畜伤害，并使你的速度提高50%，持续4个。",3
580,"进食昏迷","Critter",100,5,"使目标昏睡2轮。",4
581,"群殴","Flying",100,,"群殴目标，每造成FormatDamage(SimpleDamage(1,1)+SimpleDamage(1,2)+SimpleDamage(1,3))点飞行伤害，持续3轮。
被群殴击中的对手，将在2轮内受到双倍伤害。",12
586,"冬幕节的礼物","Magic",100,5,"对敌人造成40点魔法伤害。",2
589,"奥术风暴","Magic",100,3,"对所有敌人造成5点魔法伤害，并将天气转变为奥术之风，持续9个。
在奥术之风期间，宠物不会陷入昏迷或被定身。",5
592,"狂野魔法","Magic",100,,"对目标造成的每次攻击，伤害提高5点。
持续5个。",5
593,"能量涌动","Magic",100,5,"立即造成50点魔法伤害。随后，使用者必须重新充能2个。
在充能过程中，你无法做出任何其它动作。",3
594,"困倦毒气","Dragonkin",100,,"造成10点龙类伤害，且有25%的几率使目标昏睡，持续1轮。
每击中1次，伤害即可提高5点。最多可造成30点龙类伤害。",1
595,"月火术","Magic",100,3,"造成10点魔法伤害，并将天气变为月光，持续9个。
在月光期间，所有宠物可获得额外25%的治疗效果，魔法技能可造成额外10%的伤害。",7
597,"翡翠灵气","Dragonkin",100,,"使你从每次攻击中受到的伤害降低，最多降低5点伤害。
持续5个。",1
598,"翡翠梦境","Dragonkin",100,5,"进入睡眠状态，首回复10点生命值，第二回复20点生命值，第三回复40点生命值。
处于翡翠梦境中时，你不能切换宠物。",1
606,"源质箭","Dragonkin",100,5,"朝敌人的队伍发射源质箭。
在3轮过后，箭会攻击当前敌人宠物，使其受到40点龙类伤害，并昏迷1轮。",3
607,"大灾变","Dragonkin",50,1,"摧毁目标，造成45点龙类伤害。
该技能有很高的未命中几率。",1
608,"虚空冲击","Magic",100,,"用喷薄而出的奥术力量震击敌人，造成15点魔法伤害。
每击中1次，伤害即可提高5点。最多可造成25点魔法伤害。",2
609,"动荡","Dragonkin",50,1,"造成45点龙类伤害。该攻击有很高的未命中几率。",1
611,"上古赐福","Dragonkin",100,3,"为使用者治疗20点生命值，并使你队伍的最大生命值每级提高5点，持续9轮。",7
612,"原始之击","Dragonkin",80,4,"向上高飞，在1个内无法攻击。
在下一，你发动攻击，造成30点龙类伤害。",1
614,"争强好胜","Magic",100,,"造成10点魔法伤害，并使你造成的伤害提高25%，持续3个。",2
616,"一闪","Magic",100,,"闪到敌人身边，造成15点魔法伤害。
这个招式总能取得先手。",1
617,"火花","Elemental",50,,"射出火花1-2次，每一击造成10点元素伤害。
如果使用者率先攻击，则可额外攻击1次。",2
621,"巨石奔袭","Elemental",100,,"猛撞敌人，造成35点元素伤害，并对自身造成15点元素伤害。",13
624,"寒冰之墓","Elemental",100,5,"朝目标掷出一个充满极寒能量的球体。
在3个之后，寒冰会命中，使当前敌人宠物受到40点元素伤害，并昏迷1个。",5
626,"飞掠","Critter",100,,"猛刺敌人，造成20点禽畜伤害。",5
628,"岩石弹幕","Elemental",50,3,"朝敌人投掷石块，最多造成FormatDamage(SimpleDamage(1,1)*4)点元素伤害。
石块会继续砸向敌人的队伍，每轮造成5点元素伤害，持续2轮。",3
630,"毒枝","Elemental",100,,"立即造成10点元素伤害，并于每轮造成额外3点元素伤害，持续4轮。",4
631,"超黏焦油","Elemental",100,,"朝目标掷出黏性物质，造成15点元素伤害，并使其在2个内无法逃跑。",1
632,"困惑之刺","Flying",100,,"目标被蜇伤，每造成3点飞行伤害，持续5轮。
当处于被蛰伤状态时，目标有10%的几率在攻击时自相伤害。",6
634,"雷区","Mechanical",100,,"在对手身后布下雷区。下一只被切换进入战斗的宠物将受到错误数据点Mechanical伤害。",7
636,"黏性手雷","Mechanical",100,,"朝目标掷出一发黏性手雷。手雷在3个后爆炸，造成错误数据,1,637)点Mechanical伤害。",4
640,"毒烟","Mechanical",100,,"使敌人的队伍被毒烟席卷，造成10点Mechanical伤害，并于每造成3点Mechanical伤害，持续4个。更换宠物后效果仍然存在。",8
642,"蛋幕","Critter",50,3,"朝敌人丢掷鸡蛋，造成5点禽畜伤害。
鸡蛋会持续砸向敌人的队伍，每轮造成3点禽畜伤害，持续3轮。",5
644,"地震","Mechanical",100,3,"重击地面，对敌人造成10点Mechanical伤害，并对他们的后排宠物造成一半伤害。
地震持续3轮，并可影响地下的敌人。",4
645,"起飞","Mechanical",80,4,"升上高空，在1个内无法攻击。
在下一，你发动攻击，造成30点Mechanical伤害。",2
646,"震慑","Mechanical",100,3,"造成30点Mechanical伤害，并有25%的几率使目标昏迷1个。",1
647,"轰炸","Mechanical",100,3,"造成10点Mechanical伤害，并放置炸弹。
炸弹会在3个之后爆炸，对敌人当前的宠物造成错误数据,1,819)点Mechanical伤害。",2
648,"噬骨","Undead",100,,"猛咬敌人，造成20点亡灵伤害。",1
649,"骨头风暴","Undead",100,5,"造成15点亡灵伤害，裂穿敌人的队伍，但会消耗你总生命值的15%。",2
650,"骨牢","Undead",100,,"造成15点亡灵伤害，并阻止目标逃跑，持续2个。",5
654,"幽魂之咬","Undead",100,3,"造成50点亡灵伤害，并令使用者昏迷1轮。",3
655,"恐怖噬咬","Undead",100,,"噬咬敌人，造成20点亡灵伤害。",3
657,"疫病之血","Undead",100,,"造成10点亡灵伤害，并使目标感染疫病，持续5轮。
在染疫的情况下，攻击目标的敌人会获得治疗。",2
663,"邪爆","Undead",100,,"立即杀死使用者，对敌人造成相当于其生命值15%的亡灵伤害，并感染目标。
被感染的目标每会受到相当于其最大生命值5%的亡灵伤害，持续4个。",2
665,"吞食尸体","Undead",100,5,"吞食一具同伴的尸体，回复总生命值的50%。
尸体只能被使用一次。",2
666,"狂乱之击","Undead",100,,"造成10点亡灵伤害，并使目标陷入狂乱，持续3轮。
在狂乱状态下，目标可造成额外25%的伤害，并受到额外50%的伤害。",3
667,"陈年蛋黄","Humanoid",100,3,"移除全部增益和有害效果。",1
668,"恐怖吐息","Humanoid",100,,"引导可怕的剧毒吐息，对敌人的队伍造成7点人形伤害。如果是在雨天，可造成额外伤害。
你的宠物可在3轮内持续发起该攻击。",4
669,"后空翻","Humanoid",100,3,"纵身翻滚，造成15点人形伤害。
如果使用者率先攻击，则可使对手的中断。",3
670,"阻行陷阱","Mechanical",100,5,"在地上放置一个阻行陷阱。每当对手攻击时，即有一定几率触发陷阱。
当对手触发陷阱时，会受到错误数据,1,671)点Mechanical伤害，且在错误数据,2,671)轮内无法攻击。",1
706,"蜂拥","Critter",100,,"开始蜂拥，造成FormatDamage(SimpleDamage(1,1)+SimpleDamage(1,2)+SimpleDamage(1,3))点禽畜伤害。
被蜂拥击中的对手会在2轮内受到双倍伤害。
蜂拥可持续3轮。",34
710,"建造炮塔","Mechanical",100,1,"建造一个炮塔，攻击敌人队伍的前排宠物，每轮造成FormatDamage(SimpleDamage(1,1,711)*3)点Mechanical伤害。
每个炮塔可存在3轮。",1
712,"轨道炮","Elemental",100,,"用烈焰爆破灼烧敌人，造成20点元素伤害。",2
713,"迅猛突袭","Humanoid",50,,"连击敌人1-2次，每1击造成10点人形伤害。
如果使用者率先攻击，则可额外攻击1次。",2
740,"狂心美酒","Humanoid",100,,"使用者被烈酒激怒，攻击造成10点人形伤害，并使其造成的伤害提高25%，持续3轮。",1
741,"旋风斩","Humanoid",100,3,"疯狂地四处旋转，对敌人的队伍造成10点人形伤害。",2
743,"蠕行真菌","Undead",100,,"使目标受到蠕行真菌的感染，每轮受到7点亡灵伤害，持续2轮。
在月光状态下可造成额外伤害。",4
745,"汲血之种","Elemental",100,5,"在目标体内种下种子，立即造成10点元素伤害。种子可存在1轮。
种子每轮造成5点元素伤害，并为使用者回复等量的生命值。",6
746,"孢子菇","Elemental",100,2,"在敌人的队伍附近置下蘑菇。蘑菇会在两个内长大，然后释放出一团孢子云。
孢子云会感染前排宠物，每轮造成5点元素伤害，持续4轮。",2
751,"灵魂结界","Humanoid",100,3,"一道强大的魔法结界将你包围，格挡下一次攻击。",8
752,"灵魂奔袭","Magic",100,3,"造成30点魔法伤害，并有25%的几率使目标昏迷。",2
753,"日光术","Elemental",100,,"立即造成40点元素伤害，在太阳光状态下外加20点伤害。随后，使用者必须重新充能2个。
在充能过程中，你无法做出任何其它动作。",4
754,"尖啸齿轮","Mechanical",100,,"造成15点Mechanical伤害，并有25%的几率使目标昏迷1轮。",3
756,"酸蚀之触","Aquatic",100,,"酸性物质吞噬目标，造成10点水生伤害，并于每轮造成7点水生伤害，持续2轮。",3
757,"幸运热舞","Critter",100,,"使你队伍的精准提高50%，爆击几率提高25%，持续4轮。",3
760,"护盾格挡","Humanoid",100,3,"一道护盾将你包围，格挡下一次攻击。",3
761,"英勇飞跃","Humanoid",80,4,"高高跃起，在1个内无法攻击。
在下一，你发动攻击，造成30点人形伤害。",2
762,"强力一击","Humanoid",100,,"发起一记凶猛挥击，造成50点人形伤害，该技能有很高的未命中几率。
如果该技能未能命中目标，则使用者将昏迷1轮。",2
763,"烧灼驱魔","Magic",100,3,"移除全部增益和有害效果。",5
764,"相位变换","Magic",100,4,"脱离当前相位，使你的躲闪几率提高100%。
持续1个。",4
765,"神圣之剑","Humanoid",100,,"手持圣羽之辉猛力挥砍，造成20点人形伤害。",1
766,"神圣制裁","Humanoid",100,5,"使目标昏迷1轮。",1
767,"神圣冲击","Humanoid",100,3,"在1个内汇聚能量，然后再下一将能量释出，造成50点人形伤害。",1
768,"无敌斩","Humanoid",100,,"瞬间攻击敌人，对敌人的队伍造成21点人形伤害。",1
769,"圣光涌动","Humanoid",100,3,"用圣焰之柱冲击对手，造成20点人形伤害，并有25%的几率使目标昏迷1轮。
如果天气处于黑暗状态，则昏迷几率提高至100%。",2
770,"恢复","Humanoid",100,3,"回复施法者生命值的percentage(1,1)%。该技能总能取得先手。",1
771,"弓箭射击","Humanoid",100,,"发起一击，造成20点人形伤害。",1
772,"痴情","Humanoid",100,5,"使目标昏迷1轮。",1
773,"穿心一击","Humanoid",100,3,"聚精会神地瞄准1个，然后在下个出击，造成50点人形伤害。",1
774,"急速射击","Humanoid",100,,"急速射出多发箭矢，对敌人的队伍造成FormatDamage(SimpleDamage(1,1)+SimpleDamage(1,4))点人形伤害。",1
775,"芳香箭矢","Humanoid",100,2,"射出一支芳香箭矢，造成20点人形伤害，并有25%的几率使目标昏迷1轮。",1
776,"爱情药水","Humanoid",100,3,"回复施法者生命值的percentage(1,1)%。该技能总能取得先手。",1
777,"飞弹","Mechanical",100,,"朝目标射出火箭弹，造成20点Mechanical伤害。",10
778,"冲锋","Humanoid",100,,"冲向敌人，造成15点人形伤害。
这个招式总能取得先手。",1
779,"雷霆之箭","Elemental",100,,"造成20点元素伤害。
立即引爆所有现存的炸弹。",2
780,"死亡之握","Undead",100,3,"造成10点亡灵伤害，并迫使敌人生命值最低的宠物出战。",2
782,"冰霜吐息","Dragonkin",100,,"冻结目标，造成20点龙类伤害。",1
784,"尖鸣","Dragonkin",100,,"发出一声洪亮的尖鸣，造成10点龙类伤害，并使目标造成的伤害降低25%，持续3轮。",7
786,"严寒","Elemental",100,2,"使敌人附近的空气变得冰寒，每轮受到霜寒效果影响，持续3轮。霜寒效果的伤害会持续提高，直到宠物被切换。
严寒可持续4轮。更换宠物后效果仍然存在。",1
788,"电磁步枪","Humanoid",100,,"射击，造成20点人形伤害。",1
789,"U-238贫铀弹","Mechanical",50,,"朝目标射出1-2发贫铀弹，每一击造成10点Mechanical伤害。
如果使用者率先攻击，则可额外攻击1次。",1
791,"兴奋剂","Magic",100,,"使你的爆击几率提高50%，精准降低25%，持续4轮。",1
792,"黑焰","Elemental",100,3,"用黑焰灼烧敌人，造成20点元素伤害，并使目标受到的治疗效果降低50%，持续2轮。",3
794,"黑暗重生","Elemental",100,5,"如果在下一被杀死，你将重生且生命值全满，但每轮会失去20%的生命值。",1
801,"投石","Elemental",100,,"掷出一块石头，造成20点元素伤害。",3
802,"毁灭","Beast",100,1,"造成15点野兽伤害。
如果使用者用毁灭杀死敌人，则可回复30点生命值。
毁灭可持续2轮。",9
803,"割裂","Beast",100,,"造成10点野兽伤害，并于每轮造成3点野兽伤害，持续4轮。",6
809,"翻滚","Beast",100,,"小翼进行一次飞空翻，造成10点野兽伤害，并激怒使用者，使其造成的伤害提高25%，持续3轮。",1
811,"熔岩陷阱","Elemental",100,5,"在地上放置一个熔岩陷阱。每当对手攻击时，即有一定几率触发陷阱。
当对手触发陷阱时，会受到错误数据,1,810)点元素伤害，且在错误数据,2,810)个内无法攻击。",1
812,"萨弗拉斯重击","Elemental",100,,"用萨弗拉斯的一记挥击灼烧敌人，造成20点元素伤害。",1
814,"地突刺","Elemental",100,3,"石刺破地而出，造成30点元素伤害，并有25%的几率使目标昏迷。",3
826,"弱化打击","Elemental",100,,"发起克制的攻击，造成20点元素伤害。
该攻击无法使对手的生命值降到1点以下。",1
828,"生命之根的子嗣","Elemental",100,8,"遁地，在2轮内无法攻击。在此期间，生命之根的子嗣会攻击对手，每轮造成5点 元素伤害。",1
835,"蛋奶酒","Humanoid",100,3,"移除全部增益和有害效果。",2
836,"爆虫自爆","Magic",100,,"立即杀死施法者，对当前敌人造成相当于使用者最大生命值40%的伤害。",1
838,"离心钩","Magic",100,,"立即造成10点魔法伤害，并使你的速度提高100%，持续2轮。",1
